DT_35007_N001_1	2943	TBL_ID,PRD_DE,ITM_NM,DT,UNIT_NM,ORG_ID,C2_OBJ_NM_ENG,C2_NM,ITM_NM_ENG,PRD_SE,LST_CHN_DE,ITM_ID,C1,C2,C2_OBJ_NM,UNIT_NM_ENG,C1_OBJ_NM_ENG,C1_NM,C2_NM_ENG,C1_NM_ENG,TBL_NM,C1_OBJ_NM	DT_35007_N001_1,2024,수검인원,8423942,명,350,By Sex,여자,Number of Actual Examinees,A,2026-01-06,002,15350AC400Z1,003,성별,In person,By Si/Gun/Gu,계,Female,Total,시군구별 성별 일반건강검진 대상 및 수검인원 현황,시군구별
DT_35007_N001	9053	TBL_ID,PRD_DE,ITM_NM,DT,UNIT_NM,ORG_ID,C3_NM,ITM_NM_ENG,PRD_SE,LST_CHN_DE,C1,C2,C3,C3_OBJ_NM_ENG,C1_NM,TBL_NM,C2_OBJ_NM_ENG,C2_NM,ITM_ID,C2_OBJ_NM,UNIT_NM_ENG,C1_OBJ_NM_ENG,C3_NM_ENG,C2_NM_ENG,C1_NM_ENG,C1_OBJ_NM,C3_OBJ_NM	DT_35007_N001,2017,대상인원,3267912,명,350,1차검진,Number of Eligible Individuals,A,2018-12-20,15350AC400A1,001,001,By Number of Consecutive Check-up,서울,시군구별 성별 일반건강검진 대상 및 수검인원 현황,By Sex,합계,001,성별,In person,By Si/Gun/Gu,The 1st step screening test,Total,Seoul,시군구별,검진차수별
DT_35007_N002_1	129	TBL_ID,PRD_DE,ITM_NM,DT,UNIT_NM,ORG_ID,C2_NM,PRD_SE,LST_CHN_DE,ITM_ID,C1,C2,C2_OBJ_NM,UNIT_NM_ENG,C1_NM,TBL_NM,C1_OBJ_NM	DT_35007_N002_1,2024,수검인원,63327,명,350,여자,A,2026-01-06,002,016,003,성별,In person,85세 이상,연령별 성별 일반건강검진 대상 및 수검인원 현황 : 전체,연령별
DT_35007_N002	337	TBL_ID,PRD_DE,ITM_NM,DT,UNIT_NM,ORG_ID,C3_NM,C2_NM,PRD_SE,LST_CHN_DE,ITM_ID,C1,C2,C2_OBJ_NM,C3,UNIT_NM_ENG,C1_NM,TBL_NM,C1_OBJ_NM,C3_OBJ_NM	DT_35007_N002,2017,수검인원,578,명,350,2차검진,여자,A,2018-12-20,002,016,003,성별,002,In person,85세 이상,연령별 성별 일반건강검진 대상 및 수검인원 현황 : 전체,연령별,검진차수별
DT_35007_N003	1420	TBL_ID,PRD_DE,ITM_NM,DT,UNIT_NM,ORG_ID,C3_NM,C2_NM,PRD_SE,LST_CHN_DE,ITM_ID,C1,C2,C2_OBJ_NM,C3,UNIT_NM_ENG,C1_NM,TBL_NM,C1_OBJ_NM,C3_OBJ_NM	DT_35007_N003,2010,판정현황,2058277,명,350,실인원,합계,A,2012-05-29,001,15350AC400A1,001,성별,001,In person,서울,시군구별 성별 일반건강검진 1차 판정현황,시군구별,검진결과별
DT_35007_N004	79	TBL_ID,PRD_DE,ITM_NM,DT,UNIT_NM,ORG_ID,C3_NM,C2_NM,PRD_SE,LST_CHN_DE,ITM_ID,C1,C2,C2_OBJ_NM,C3,UNIT_NM_ENG,C1_NM,TBL_NM,C1_OBJ_NM,C3_OBJ_NM	DT_35007_N004,2010,판정현황,10851277,명,350,실인원,합계,A,2012-05-29,001,001,001,성별,001,In person,계,연령별 성별 일반건강검진 1차 판정 현황,연령별,검진결과별
DT_35007_N005	4775	TBL_ID,PRD_DE,ITM_NM,DT,UNIT_NM,ORG_ID,C3_NM,C2_NM,PRD_SE,LST_CHN_DE,ITM_ID,C1,C2,C2_OBJ_NM,C3,UNIT_NM_ENG,C1_NM,TBL_NM,C1_OBJ_NM,C3_OBJ_NM	DT_35007_N005,2010,1차 판정결과 세부현황,1654507,명,350,실인원,합계,A,2012-05-29,001,15350AC400A1,001,성별,00101,In person,서울,시군구별 성별 일반건강검진 1차 판정결과 세부현황,시군구별,검진결과별
DT_35007_N006	267	TBL_ID,PRD_DE,ITM_NM,DT,UNIT_NM,ORG_ID,C3_NM,C2_NM,PRD_SE,LST_CHN_DE,ITM_ID,C1,C2,C2_OBJ_NM,C3,UNIT_NM_ENG,C1_NM,TBL_NM,C1_OBJ_NM,C3_OBJ_NM	DT_35007_N006,2010,1차 판정결과 세부현황,8707887,명,350,실인원,합계,A,2012-05-29,001,001,001,성별,00101,In person,계,연령별 성별 일반건강검진 1차 판정결과 세부현황,연령별,검진결과별
DT_35007_N007	1925	TBL_ID,PRD_DE,ITM_NM,DT,UNIT_NM,ORG_ID,C3_NM,C2_NM,PRD_SE,LST_CHN_DE,ITM_ID,C1,C2,C2_OBJ_NM,C3,UNIT_NM_ENG,C1_NM,TBL_NM,C1_OBJ_NM,C3_OBJ_NM	DT_35007_N007,2010,판정현황,24038,명,350,당뇨병,합계,A,2015-11-09,001,15350AC400A1,001,성별,001,In person,서울,시군구별 성별 일반건강검진 2차 판정현황,시군구별,검진결과별
DT_35007_N008	107	TBL_ID,PRD_DE,ITM_NM,DT,UNIT_NM,ORG_ID,C3_NM,C2_NM,PRD_SE,LST_CHN_DE,ITM_ID,C1,C2,C2_OBJ_NM,C3,UNIT_NM_ENG,C1_NM,TBL_NM,C1_OBJ_NM,C3_OBJ_NM	DT_35007_N008,2010,판정현황,153824,명,350,당뇨병,합계,A,2015-11-09,001,001,001,성별,001,In person,계,연령별 성별 일반건강검진 2차 판정현황,연령별,검진결과별
DT_35007_N009	36505	TBL_ID,PRD_DE,ITM_NM,DT,UNIT_NM,ORG_ID,C3_NM,ITM_NM_ENG,PRD_SE,LST_CHN_DE,C1,C2,C3,C3_OBJ_NM_ENG,C1_NM,TBL_NM,C2_OBJ_NM_ENG,C2_NM,ITM_ID,C2_OBJ_NM,UNIT_NM_ENG,C1_OBJ_NM_ENG,C3_NM_ENG,C2_NM_ENG,C1_NM_ENG,C1_OBJ_NM,C3_OBJ_NM	DT_35007_N009,2024,대상인원,4121184,명,350,계,Number of Eligible Individuals,A,2026-01-06,15350AC400A1,001,001_1,Number of People Qualifying for Examination by Type of Cancer,서울,시군구별 성별 암검진 대상 및 수검인원 현황,By Sex,합계,001,성별,In person,By Si/Gun/Gu,Total,Total,Seoul,시군구별,암검진별
DT_35007_N010	1106	TBL_ID,PRD_DE,ITM_NM,DT,UNIT_NM,ORG_ID,C3_NM,C2_NM,PRD_SE,LST_CHN_DE,ITM_ID,C1,C2,C2_OBJ_NM,C3,UNIT_NM_ENG,C1_NM,TBL_NM,C1_OBJ_NM,C3_OBJ_NM	DT_35007_N010,2024,수검인원,-,명,350,폐암,여자,A,2026-01-07,002,015,003,성별,007,In person,25 ~ 29세,연령별 성별 암검진 대상 및 수검인원 현황,연령별,암검진별
DT_35007_N011	22732	TBL_ID,PRD_DE,ITM_NM,DT,UNIT_NM,ORG_ID,C3_NM,ITM_NM_ENG,PRD_SE,LST_CHN_DE,C1,C2,C3,C3_OBJ_NM_ENG,C1_NM,TBL_NM,C2_OBJ_NM_ENG,C2_NM,ITM_ID,C2_OBJ_NM,UNIT_NM_ENG,C1_OBJ_NM_ENG,C3_NM_ENG,C2_NM_ENG,C1_NM_ENG,C1_OBJ_NM,C3_OBJ_NM	DT_35007_N011,2024,시군구별 성별 위암검진 결과 판정 현황,1440744,명,350,계,Statistics on Stomach Cancer Screening Diagnoses by District and Gender,A,2026-01-07,15350AC400A1,001,001,By Cancer Screening Result,서울,시군구별 성별 위암검진 결과 판정 현황,By Sex,합계,001,성별,In person,By Si/Gun/Gu,Total,Total,Seoul,시군구별,위암검진결과별
DT_35007_N012	552	TBL_ID,PRD_DE,ITM_NM,DT,UNIT_NM,ORG_ID,C3_NM,C2_NM,PRD_SE,LST_CHN_DE,ITM_ID,C1,C2,C2_OBJ_NM,C3,UNIT_NM_ENG,C1_NM,TBL_NM,C1_OBJ_NM,C3_OBJ_NM	DT_35007_N012,2024,연령별 성별 위암검진 결과 판정 현황,172,명,350,기존 암환자,여자,A,2026-01-07,001,013,003,성별,007,In person,85세 이상,연령별 성별 위암검진 결과 판정 현황,연령별,위암검진결과별
DT_35007_N013	17518	TBL_ID,PRD_DE,ITM_NM,DT,UNIT_NM,ORG_ID,C3_NM,C2_NM,PRD_SE,LST_CHN_DE,ITM_ID,C1,C2,C2_OBJ_NM,C3,UNIT_NM_ENG,C1_NM,TBL_NM,C1_OBJ_NM,C3_OBJ_NM	DT_35007_N013,2024,시군구별 성별 대장암 검진 결과 판정현황,1085278,명,350,계,합계,A,2026-01-08,001,15350AC400A1,001,성별,001,In person,서울,시군구별 성별 대장암 검진 결과 판정 현황,시군구별,대장암검진결과별
DT_35007_N014	552	TBL_ID,PRD_DE,ITM_NM,DT,UNIT_NM,ORG_ID,C3_NM,C2_NM,PRD_SE,LST_CHN_DE,ITM_ID,C1,C2,C2_OBJ_NM,C3,UNIT_NM_ENG,C1_NM,TBL_NM,C1_OBJ_NM,C3_OBJ_NM	DT_35007_N014,2024,연령별 성별 대장암 검진 결과 판정 현황,90,명,350,기존 암환자,여자,A,2026-01-08,001,013,003,성별,00306,In person,85세 이상,연령별 성별 대장암 검진 결과 판정 현황,연령별,대장암검진결과별
DT_35007_N015	7416	TBL_ID,PRD_DE,ITM_NM,DT,UNIT_NM,ORG_ID,C3_NM,C2_NM,PRD_SE,LST_CHN_DE,ITM_ID,C1,C2,C2_OBJ_NM,C3,UNIT_NM_ENG,C1_NM,TBL_NM,C1_OBJ_NM,C3_OBJ_NM	DT_35007_N015,2015,시군구별 성별 간암 검진 결과 판정 현황,90459,명,350,계,합계,A,2016-12-05,001,15350AC400A1,001,성별,001,In person,서울,시군구별 성별 간암 검진 결과 판정 현황,시군구별,간암검진결과별
DT_35007_N016	284	TBL_ID,PRD_DE,ITM_NM,DT,UNIT_NM,ORG_ID,C3_NM,C2_NM,PRD_SE,LST_CHN_DE,ITM_ID,C1,C2,C2_OBJ_NM,C3,UNIT_NM_ENG,C1_NM,TBL_NM,C1_OBJ_NM,C3_OBJ_NM	DT_35007_N016,2015,연령별 성별 간암 검진 결과 판정 현황 ,2,명,350,기존 암환자,여자,A,2016-12-05,001,013,003,성별,006,In person,85세이상,연령별 성별 간암 검진 결과 판정 현황,연령별,간암검진결과별
DT_35007_N017	3812	TBL_ID,PRD_DE,ITM_NM,DT,UNIT_NM,ORG_ID,C2_NM,PRD_SE,LST_CHN_DE,ITM_ID,C1,C2,C2_OBJ_NM,UNIT_NM_ENG,C1_NM,TBL_NM,C1_OBJ_NM	DT_35007_N017,2024,시군구별 유방암 검진 결과 판정 현황,26782,명,350,기존 암환자,A,2026-01-08,001,15350AC400Z1,006,유방암검진결과별,In person,계,시군구별 유방암 검진 결과 판정 현황,시군구별
DT_35007_N018	145	TBL_ID,PRD_DE,ITM_NM,DT,UNIT_NM,ORG_ID,C2_NM,PRD_SE,LST_CHN_DE,ITM_ID,C1,C2,C2_OBJ_NM,UNIT_NM_ENG,C1_NM,TBL_NM,C1_OBJ_NM	DT_35007_N018,2024,연령별 유방암 검진 결과 판정 현황,150,명,350,기존 암환자,A,2026-01-08,001,013,006,유방암검진결과별,In person,85세 이상,연령별 유방암 검진 결과 판정 현황,연령별
DT_35007_N019	5378	TBL_ID,PRD_DE,ITM_NM,DT,UNIT_NM,ORG_ID,C2_NM,PRD_SE,LST_CHN_DE,ITM_ID,C1,C2,C2_OBJ_NM,UNIT_NM_ENG,C1_NM,TBL_NM,C1_OBJ_NM	DT_35007_N019,2024,시군구별 자궁경부암 검진 결과 판정 현황,6249,명,350,기존 암환자,A,2026-01-08,001,15350AC400Z1,007,자궁경부암검진결과별,In person,계,시군구별 자궁경부암 검진 결과 판정 현황,시군구별
DT_35007_N020	274	TBL_ID,PRD_DE,ITM_NM,DT,UNIT_NM,ORG_ID,C2_NM,PRD_SE,LST_CHN_DE,ITM_ID,C1,C2,C2_OBJ_NM,UNIT_NM_ENG,C1_NM,TBL_NM,C1_OBJ_NM	DT_35007_N020,2024,연령별 자궁경부암 검진 결과 판정 현황,19,명,350,기존 암환자,A,2026-01-08,001,016,007,자궁경부암검진결과별,Person,85세 이상,연령별 자궁경부암 검진 결과 판정 현황,연령별
DT_35007_N021	8936	TBL_ID,PRD_DE,ITM_NM,DT,UNIT_NM,ORG_ID,C3_NM,C2_NM,PRD_SE,LST_CHN_DE,ITM_ID,C1,C2,C2_OBJ_NM,C3,UNIT_NM_ENG,C1_NM,TBL_NM,C1_OBJ_NM,C3_OBJ_NM	DT_35007_N021,2017,대상인원,124508,명,350,40세,합계,A,2019-01-08,001,15350AC400A1,001,성별,001,Person,서울,시군구별 성별 생애전환기건강진단 대상 및 수검인원 현황,시군구별,검진대상자별
DT_35007_N022	1498	TBL_ID,PRD_DE,ITM_NM,DT,UNIT_NM,ORG_ID,C3_NM,C2_NM,PRD_SE,LST_CHN_DE,ITM_ID,C1,C2,C2_OBJ_NM,C3,UNIT_NM_ENG,C1_NM,TBL_NM,C1_OBJ_NM,C3_OBJ_NM	DT_35007_N022,2010,판정현황,94584,명,350,실인원,합계,A,2012-05-29,001,15350AC400A1,001,성별,001,Person,서울,시군구별 성별 생애전환기(40세) 건강진단 1차 판정현황,시군구별,검진결과별
DT_35007_N023	1497	TBL_ID,PRD_DE,ITM_NM,DT,UNIT_NM,ORG_ID,C3_NM,C2_NM,PRD_SE,LST_CHN_DE,ITM_ID,C1,C2,C2_OBJ_NM,C3,UNIT_NM_ENG,C1_NM,TBL_NM,C1_OBJ_NM,C3_OBJ_NM	DT_35007_N023,2010,판정현황,50827,명,350,실인원,합계,A,2012-05-29,001,15350AC400A1,001,성별,001,Person,서울,시군구별 성별 생애전환기(66세) 건강진단 1차 판정현황,시군구별,검진결과별
DT_35007_N024	4729	TBL_ID,PRD_DE,ITM_NM,DT,UNIT_NM,ORG_ID,C3_NM,C2_NM,PRD_SE,LST_CHN_DE,ITM_ID,C1,C2,C2_OBJ_NM,C3,UNIT_NM_ENG,C1_NM,TBL_NM,C1_OBJ_NM,C3_OBJ_NM	DT_35007_N024,2010,세부현황,74063,명,350,실인원,합계,A,2012-05-29,001,15350AC400A1,001,성별,00101,In person,서울,시군구별 성별 생애전환기(40세) 건강진단 1차 판정결과 세부현황,시군구별,검진결과별
DT_35007_N025	4675	TBL_ID,PRD_DE,ITM_NM,DT,UNIT_NM,ORG_ID,C3_NM,C2_NM,PRD_SE,LST_CHN_DE,ITM_ID,C1,C2,C2_OBJ_NM,C3,UNIT_NM_ENG,C1_NM,TBL_NM,C1_OBJ_NM,C3_OBJ_NM	DT_35007_N025,2010,세부현황,43803,명,350,실인원,합계,A,2012-05-29,001,15350AC400A1,001,성별,00101,Person,서울,시군구별 성별 생애전환기(66세) 건강진단 1차 판정결과 세부현황,시군구별,검진결과별
DT_35007_N026	11615	TBL_ID,PRD_DE,ITM_NM,DT,UNIT_NM,ORG_ID,C3_NM,C2_NM,PRD_SE,LST_CHN_DE,ITM_ID,C1,C2,C2_OBJ_NM,C3,UNIT_NM_ENG,C1_NM,TBL_NM,C1_OBJ_NM,C3_OBJ_NM	DT_35007_N026,2017,판정현황,725,명,350,당뇨병,합계,A,2019-01-08,001,15350AC400A1,001,성별,001,Person,서울,시군구별 성별 생애전환기(40세) 건강진단 2차 판정현황,시군구별,검진결과별
DT_35007_N027	11764	TBL_ID,PRD_DE,ITM_NM,DT,UNIT_NM,ORG_ID,C3_NM,C2_NM,PRD_SE,LST_CHN_DE,ITM_ID,C1,C2,C2_OBJ_NM,C3,UNIT_NM_ENG,C1_NM,TBL_NM,C1_OBJ_NM,C3_OBJ_NM	DT_35007_N027,2017,판정현황,929,명,350,당뇨병,합계,A,2019-01-08,001,15350AC400A1,001,성별,001,In person,서울,시군구별 성별 생애전환기(66세) 건강진단 2차 판정현황,시군구별,검진결과별
DT_35007_N028	38652	TBL_ID,PRD_DE,ITM_NM,DT,UNIT_NM,ORG_ID,C3_NM,C2_NM,PRD_SE,LST_CHN_DE,ITM_ID,C1,C2,C2_OBJ_NM,C3,UNIT_NM_ENG,C1_NM,TBL_NM,C1_OBJ_NM,C3_OBJ_NM	DT_35007_N028,2017,생활습관 평가결과,5210,명,350,흡연(니코틴의존도평가),합계,A,2019-01-08,001,15350AC400A1,001,성별,001,In person,서울,시군구별 성별 생애전환기(40세) 건강진단 2차 생활습관 평가결과,시군구별,생활습관별
DT_35007_N0280	13100	TBL_ID,PRD_DE,ITM_NM,DT,UNIT_NM,ORG_ID,C3_NM,PRD_SE,LST_CHN_DE,C1,C2,C3,C4,C1_NM,TBL_NM,C2_OBJ_NM_ENG,C4_NM,C2_NM,ITM_ID,C2_OBJ_NM,UNIT_NM_ENG,C1_OBJ_NM_ENG,C1_NM_ENG,C1_OBJ_NM,C3_OBJ_NM,C4_OBJ_NM,C2_NM_ENG	DT_35007_N0280,2024,생활습관 평가결과,41633,명,350,계,A,2026-01-06,15350AC400A1,001,001,001,서울특별시,시도별 연령별 성별 일반건강검진 생활습관평가 결과,By gender,흡연(니코틴의존도평가),합계,001,성별,In person,By province,Seoul,시도별,연령별,생활습관별,
DT_35007_N029	38644	TBL_ID,PRD_DE,ITM_NM,DT,UNIT_NM,ORG_ID,C3_NM,C2_NM,PRD_SE,LST_CHN_DE,ITM_ID,C1,C2,C2_OBJ_NM,C3,UNIT_NM_ENG,C1_NM,TBL_NM,C1_OBJ_NM,C3_OBJ_NM	DT_35007_N029,2017,생활습관 평가결과,1660,명,350,흡연(니코틴의존도평가),합계,A,2019-01-08,001,15350AC400A1,001,성별,001,In person,서울,시군구별 성별 생애전환기(66세) 건강진단 2차 생활습관 평가결과,시군구별,생활습관별
DT_35007_N030	2629	TBL_ID,PRD_DE,ITM_NM,DT,UNIT_NM,ORG_ID,C3_NM,C2_NM,PRD_SE,LST_CHN_DE,ITM_ID,C1,C2,C2_OBJ_NM,C3,UNIT_NM_ENG,C1_NM,TBL_NM,C1_OBJ_NM,C3_OBJ_NM	DT_35007_N030,2010,우울증 및 인지기능장애,2770,명,350,40세 우울증 검사,합계,A,2015-11-09,001,15350AC400A1,001,성별,001,In person,서울,시군구별 성별 생애전환기 건강진단 정신건강검사 결과 : 우울증 및 인지기능장애,시군구별,검진결과별
DT_35007_N031	30430	TBL_ID,PRD_DE,ITM_NM,DT,UNIT_NM,ORG_ID,C3_NM,C2_NM,PRD_SE,LST_CHN_DE,ITM_ID,C1,C2,C2_OBJ_NM,C3,UNIT_NM_ENG,C1_NM,TBL_NM,C1_OBJ_NM,C3_OBJ_NM	DT_35007_N031,2017,노인신체기능평가 결과,55907,명,350,일상생활수행능력,합계,A,2019-01-08,001,15350AC400A1,001,성별,001,In person,서울,시군구별 성별 생애전환기(66세) 건강진단 1차 일상생활 수행능력 및 노인신체기능평가 결과,시군구별,수행능력및기능평가결과별
DT_35007_N0310	8795	TBL_ID,PRD_DE,ITM_NM,DT,UNIT_NM,ORG_ID,C3_NM,PRD_SE,LST_CHN_DE,C1,C2,C3,C4,C1_NM,TBL_NM,C2_OBJ_NM_ENG,C4_NM,C2_NM,ITM_ID,C2_OBJ_NM,UNIT_NM_ENG,C1_OBJ_NM_ENG,C1_NM_ENG,C1_OBJ_NM,C3_OBJ_NM,C4_OBJ_NM,C2_NM_ENG	DT_35007_N0310,2024,노인신체기능평가 결과,169210,명,350,계,A,2026-01-06,15350AC400A1,001,001,001,서울특별시,시도별 연령별 성별 일반건강검진 일상생활수행능력 및 노인신체기능평가 결과,By gender,노인신체기능검사,합계,001,성별,In person,By province,Seoul,시도별,연령별,수행능력및기능평가결과별,
DT_35007_N032	5096	TBL_ID,PRD_DE,ITM_NM,DT,UNIT_NM,ORG_ID,C3_NM,C2_NM,PRD_SE,LST_CHN_DE,ITM_ID,C1,C2,C2_OBJ_NM,C3,UNIT_NM_ENG,C1_NM,TBL_NM,C1_OBJ_NM,C3_OBJ_NM	DT_35007_N032,2011,대상인원,504256,명,350,계,합계,A,2015-11-10,001,15350AC400A1,001,성별,001,In person,서울,시군구별 성별 영유아 건강검진 대상 및 수검인원 현황,시군구별,영유아연령별
DT_35007_N033	476	TBL_ID,PRD_DE,ITM_NM,DT,UNIT_NM,ORG_ID,C3_NM,C2_NM,PRD_SE,LST_CHN_DE,ITM_ID,C1,C2,C2_OBJ_NM,C3,UNIT_NM_ENG,C1_NM,TBL_NM,C1_OBJ_NM,C3_OBJ_NM	DT_35007_N033,2011,영유아건강검진 결과현황,52,명,350,여자,5세,A,2014-03-20,001,00604,006,영유아월령별,003,In person,기타,영유아 건강검진 결과현황,검진결과별,성별
DT_35007_N034	5608	TBL_ID,PRD_DE,ITM_NM,DT,UNIT_NM,ORG_ID,C4_NM,C3_NM,C2_NM,PRD_SE,LST_CHN_DE,ITM_ID,C1,C2,C2_OBJ_NM,C3,UNIT_NM_ENG,C4,C1_NM,TBL_NM,C1_OBJ_NM,C3_OBJ_NM,C4_OBJ_NM	DT_35007_N034,2010,종합판정현황,235892,명,350,계,계,합계,A,2015-11-10,001,15350AC400A1,001,성별,001,In person,004A,서울,시군구별 성별 영유아 건강검진 종합판정현황,시군구별,영유아연령별,검진결과별
DT_35007_N035	3158	TBL_ID,PRD_DE,ITM_NM,DT,UNIT_NM,ORG_ID,C2_OBJ_NM_ENG,C3_NM,C2_NM,PRD_SE,LST_CHN_DE,ITM_ID,C1,C2,C2_OBJ_NM,C3,UNIT_NM_ENG,C1_OBJ_NM_ENG,C1_NM,C1_NM_ENG,TBL_NM,C1_OBJ_NM,C3_OBJ_NM,C2_NM_ENG	DT_35007_N035,2024,대상인원,4108060,명,350,By gender,일반건강검진,합계,A,2026-01-09,001,15350AC400A1,001,성별,001,In person,By District,서울특별시,Seoul,시군구별 성별 구강검진 대상 및 수검인원 현황,시군구별,구강검진대상자별,
DT_35007_N036	489	TBL_ID,PRD_DE,ITM_NM,DT,UNIT_NM,ORG_ID,C3_NM,C2_NM,PRD_SE,LST_CHN_DE,ITM_ID,C1,C2,C2_OBJ_NM,C3,UNIT_NM_ENG,C1_NM,TBL_NM,C1_OBJ_NM,C3_OBJ_NM	DT_35007_N036,2024,수검인원,0,명,350,영유아건강검진,여자,A,2026-01-09,002,016,003,성별,003,In person,85세 이상,연령별 성별 구강검진 대상 및 수검인원 현황,연령별,구강검진대상자별
DT_35007_N037	598	TBL_ID,PRD_DE,ITM_NM,DT,UNIT_NM,ORG_ID,C3_NM,C2_NM,PRD_SE,LST_CHN_DE,ITM_ID,C1,C2,C2_OBJ_NM,C3,UNIT_NM_ENG,C1_NM,TBL_NM,C1_OBJ_NM,C3_OBJ_NM	DT_35007_N037,2013,종합소견현황,8733,명,350,이닦는 방법 교육받아야 함,여자,A,2016-02-03,001,15350AC400I1,003,성별,003,In person,강원,시도별 성별 일반건강검진 대상자 구강검진 종합소견 현황,시도별,구강검진 결과별
DT_35007_N038	534	TBL_ID,PRD_DE,ITM_NM,DT,UNIT_NM,ORG_ID,C3_NM,C2_NM,PRD_SE,LST_CHN_DE,ITM_ID,C1,C2,C2_OBJ_NM,C3,UNIT_NM_ENG,C1_NM,TBL_NM,C1_OBJ_NM,C3_OBJ_NM	DT_35007_N038,2013,종합소견현황,101,명,350,기타,여자,A,2015-01-14,001,016,003,성별,011,In person,85세 이상,연령별 성별 일반건강검진 대상자 구강검진 종합소견 현황,연령별,구강검진결과별
DT_35007_N039	631	TBL_ID,PRD_DE,ITM_NM,DT,UNIT_NM,ORG_ID,C3_NM,C2_NM,PRD_SE,LST_CHN_DE,ITM_ID,C1,C2,C2_OBJ_NM,C3,UNIT_NM_ENG,C1_NM,TBL_NM,C1_OBJ_NM,C3_OBJ_NM	DT_35007_N039,2013,종합소견현황,596,명,350,이닦는 방법 교육받아야 함,여자,A,2015-01-14,001,15350AC400I1,003,성별,003,In person,강원,시도별 성별 생애전환기(40세) 건강진단 대상자 구강검진 종합소견 현황,시도별,구강검진결과별
DT_35007_N040	630	TBL_ID,PRD_DE,ITM_NM,DT,UNIT_NM,ORG_ID,C3_NM,C2_NM,PRD_SE,LST_CHN_DE,ITM_ID,C1,C2,C2_OBJ_NM,C3,UNIT_NM_ENG,C1_NM,TBL_NM,C1_OBJ_NM,C3_OBJ_NM	DT_35007_N040,2013,종합소견현황,296,명,350,이닦는 방법 교육받아야 함,여자,A,2015-01-14,001,15350AC400I1,003,성별,003,In person,강원,시도별 성별 생애전환기(66세) 건강진단 대상자 구강검진 종합소견 현황,시도별,구강검진결과별
DT_35007_N041	402	TBL_ID,PRD_DE,ITM_NM,DT,UNIT_NM,ORG_ID,C4_NM,C3_NM,C2_NM,PRD_SE,LST_CHN_DE,ITM_ID,C1,C2,C2_OBJ_NM,C3,UNIT_NM_ENG,C4,C1_NM,TBL_NM,C1_OBJ_NM,C3_OBJ_NM,C4_OBJ_NM	DT_35007_N041,2011,종합판정현황,666,명,350,양호,4세,남자,A,2015-11-10,001,15350AC400I1,002,성별,002,In person,004C,강원,시도별 성별 영유아 건강검진 대상자 구강검진 종합판정 현황,시도별,영유아연령별,검진결과별
DT_35007_N042	4310	TBL_ID,PRD_DE,ITM_NM,DT,UNIT_NM,ORG_ID,C2_OBJ_NM_ENG,C3_NM,C2_NM,PRD_SE,LST_CHN_DE,ITM_ID,C1,C2,C2_OBJ_NM,C3,UNIT_NM_ENG,C1_OBJ_NM_ENG,C1_NM,C1_NM_ENG,TBL_NM,C1_OBJ_NM,C3_OBJ_NM,C2_NM_ENG	DT_35007_N042,2024,시도별 성별 질환력(과거력 가족력) 관련 문항,1905957,명,350,By gender,모름,여자,A,2026-01-09,001,15350AC400Z1,003,성별,00404,Person,By province,계,,시도별 성별 질환력(과거력 가족력) 관련 문항,시도별,문진결과별,Female
DT_35007_N043	3217	TBL_ID,PRD_DE,ITM_NM,DT,UNIT_NM,ORG_ID,C3_NM,C2_NM,PRD_SE,LST_CHN_DE,ITM_ID,C1,C2,C2_OBJ_NM,C3,UNIT_NM_ENG,C1_NM,TBL_NM,C1_OBJ_NM,C3_OBJ_NM	DT_35007_N043,2024,연령별 성별 질환력(과거력 가족력) 관련 문항,16269,명,350,모름,여자,A,2026-01-09,001,016,003,성별,00404,Person,85세 이상,연령별 성별 질환력(과거력 가족력) 관련 문항,연령별,문진결과별
DT_35007_N044	1280	TBL_ID,PRD_DE,ITM_NM,DT,UNIT_NM,ORG_ID,C2_OBJ_NM_ENG,C3_NM,C2_NM,PRD_SE,LST_CHN_DE,ITM_ID,C1,C2,C2_OBJ_NM,C3,UNIT_NM_ENG,C1_OBJ_NM_ENG,C1_NM,C1_NM_ENG,TBL_NM,C1_OBJ_NM,C3_OBJ_NM,C2_NM_ENG	DT_35007_N044,2024,시도별 성별 흡연 관련 문항,834,명,350,By gender,두갑 이상,여자,A,2026-01-09,001,15350AC400Z1,003,성별,00205,Person,By province,계,,시도별 성별 흡연 관련 문항,시도별,문진결과별,Female
DT_35007_N0440	1415	TBL_ID,PRD_DE,ITM_NM,DT,UNIT_NM,ORG_ID,C2_OBJ_NM_ENG,C3_NM,C2_NM,PRD_SE,LST_CHN_DE,ITM_ID,C1,C2,C2_OBJ_NM,C3,UNIT_NM_ENG,C1_OBJ_NM_ENG,C1_NM,C1_NM_ENG,TBL_NM,C1_OBJ_NM,C3_OBJ_NM,C2_NM_ENG	DT_35007_N0440,2024,시도별 성별 검진대상 전자흡연 관련 문진결과,217,명,350,By gender,두갑 이상,여자,A,2026-01-09,001,15350AC400Z1,003,성별,00406,Person,By province,계,,시도별 성별 전자흡연 관련 문항,시도별,문진결과별,Female
DT_35007_N045	926	TBL_ID,PRD_DE,ITM_NM,DT,UNIT_NM,ORG_ID,C3_NM,C2_NM,PRD_SE,LST_CHN_DE,ITM_ID,C1,C2,C2_OBJ_NM,C3,UNIT_NM_ENG,C1_NM,TBL_NM,C1_OBJ_NM,C3_OBJ_NM	DT_35007_N045,2024,연령별 성별 흡연 관련 문항,2,명,350,두갑 이상,여자,A,2026-01-09,001,016,003,성별,00205,Person,85세 이상,연령별 성별 흡연 관련 문항,연령별,문진결과별
DT_35007_N0450	1014	TBL_ID,PRD_DE,ITM_NM,DT,UNIT_NM,ORG_ID,C3_NM,C2_NM,PRD_SE,LST_CHN_DE,ITM_ID,C1,C2,C2_OBJ_NM,C3,UNIT_NM_ENG,C1_NM,TBL_NM,C1_OBJ_NM,C3_OBJ_NM	DT_35007_N0450,2024,연령별 성별 검진대상 흡연관련 문진결과,0,명,350,두갑 이상,여자,A,2026-01-09,001,016,003,성별,00406,Person,85세 이상,연령별 성별 전자흡연 관련 문항,연령별,문진결과별
DT_35007_N046	1329	TBL_ID,PRD_DE,ITM_NM,DT,UNIT_NM,ORG_ID,C3_NM,C2_NM,PRD_SE,LST_CHN_DE,ITM_ID,C1,C2,C2_OBJ_NM,C3,UNIT_NM_ENG,C1_NM,TBL_NM,C1_OBJ_NM,C3_OBJ_NM	DT_35007_N046,2017,시도별 성별 검진대상 음주관련 문진결과,145204,명,350,10잔 이상,여자,A,2019-01-15,001,15350AC400Z1,003,성별,00205,Person,계,시도별 성별 음주 관련 문항,시도별,문진결과별
DT_35007_N0460	701	TBL_ID,PRD_DE,ITM_NM,DT,UNIT_NM,ORG_ID,C2_OBJ_NM_ENG,C3_NM,C2_NM,PRD_SE,LST_CHN_DE,ITM_ID,C1,C2,C2_OBJ_NM,C3,UNIT_NM_ENG,C1_OBJ_NM_ENG,C1_NM,C1_NM_ENG,TBL_NM,C1_OBJ_NM,C3_OBJ_NM,C2_NM_ENG	DT_35007_N0460,2024,시도별 성별 음주 관련 문항,3839915,명,350,By gender,술을 마시지 않는다,여자,A,2026-01-09,001,15350AC400Z1,003,성별,00108,Person,By province,계,,시도별 성별 음주 관련 문항,시도별,문진결과별,Female
DT_35007_N047	1172	TBL_ID,PRD_DE,ITM_NM,DT,UNIT_NM,ORG_ID,C3_NM,C2_NM,PRD_SE,LST_CHN_DE,ITM_ID,C1,C2,C2_OBJ_NM,C3,UNIT_NM_ENG,C1_NM,TBL_NM,C1_OBJ_NM,C3_OBJ_NM	DT_35007_N047,2017,연령별 성별 검진대상 음주관련 문진결과,5,명,350,10잔 이상,여자,A,2019-01-15,001,016,003,성별,00205,Person,85세 이상,연령별 성별 음주 관련 문항,연령별,문진결과별
DT_35007_N0470	549	TBL_ID,PRD_DE,ITM_NM,DT,UNIT_NM,ORG_ID,C3_NM,C2_NM,PRD_SE,LST_CHN_DE,ITM_ID,C1,C2,C2_OBJ_NM,C3,UNIT_NM_ENG,C1_NM,TBL_NM,C1_OBJ_NM,C3_OBJ_NM	DT_35007_N0470,2024,연령별 성별 검진대상 음주관련 문진결과,60436,명,350,술을 마시지 않는다,여자,A,2026-01-09,001,016,003,성별,00108,Person,85세 이상,연령별 성별 음주 관련 문항,연령별,문진결과별
DT_35007_N048	2723	TBL_ID,PRD_DE,ITM_NM,DT,UNIT_NM,ORG_ID,C3_NM,C2_NM,PRD_SE,LST_CHN_DE,ITM_ID,C1,C2,C2_OBJ_NM,C3,UNIT_NM_ENG,C1_NM,TBL_NM,C1_OBJ_NM,C3_OBJ_NM	DT_35007_N048,2017,시도별 성별 신체활동(운동) 관련 문항,2556,명,350,6,여자,A,2019-01-15,001,15350AC400I1,003,성별,00208,Person,강원,시도별 성별 신체활동(운동) 관련 문항,시도별,문진결과별
DT_35007_N0480	3030	TBL_ID,PRD_DE,ITM_NM,DT,UNIT_NM,ORG_ID,C2_OBJ_NM_ENG,C3_NM,C2_NM,PRD_SE,LST_CHN_DE,ITM_ID,C1,C2,C2_OBJ_NM,C3,UNIT_NM_ENG,C1_OBJ_NM_ENG,C1_NM,C1_NM_ENG,TBL_NM,C1_OBJ_NM,C3_OBJ_NM,C2_NM_ENG	DT_35007_N0480,2024,시도별 성별 검진대상 신체활동(운동) 관련 문진결과,77382,명,350,By gender,7,여자,A,2026-01-09,001,15350AC400Z1,003,성별,00309,Person,By province,계,,시도별 성별 신체활동(운동) 관련 문항,시도별,문진결과별,Female
DT_35007_N049	2404	TBL_ID,PRD_DE,ITM_NM,DT,UNIT_NM,ORG_ID,C3_NM,C2_NM,PRD_SE,LST_CHN_DE,ITM_ID,C1,C2,C2_OBJ_NM,C3,UNIT_NM_ENG,C1_NM,TBL_NM,C1_OBJ_NM,C3_OBJ_NM	DT_35007_N049,2017,연령별 성별 신체활동(운동) 관련 문항,3758,명,350,7,여자,A,2019-01-15,001,016,003,성별,00309,Person,85세 이상,연령별 성별 신체활동(운동) 관련 문항,연령별,문진결과별
DT_35007_N0490	2249	TBL_ID,PRD_DE,ITM_NM,DT,UNIT_NM,ORG_ID,C3_NM,C2_NM,PRD_SE,LST_CHN_DE,ITM_ID,C1,C2,C2_OBJ_NM,C3,UNIT_NM_ENG,C1_NM,TBL_NM,C1_OBJ_NM,C3_OBJ_NM	DT_35007_N0490,2024,연령별 성별 검진대상 신체활동(운동) 관련 문진결과,430,명,350,7,여자,A,2026-01-09,001,016,003,성별,00309,Person,85세 이상,연령별 성별 신체활동(운동) 관련 문항,연령별,문진결과별
DT_35007_N050	7559	TBL_ID,PRD_DE,ITM_NM,DT,UNIT_NM,ORG_ID,C2_OBJ_NM_ENG,C3_NM,C2_NM,PRD_SE,LST_CHN_DE,ITM_ID,C1,C2,C2_OBJ_NM,C3,UNIT_NM_ENG,C1_OBJ_NM_ENG,C1_NM,C1_NM_ENG,TBL_NM,C1_OBJ_NM,C3_OBJ_NM,C2_NM_ENG	DT_35007_N050,2024,시도별 성별 암 검진 공통사항(검사 경험 유무 및 검사 시기),2169827,명,350,By gender,1년보다 오래전에,여자,A,2026-01-09,001,15350AC400Z1,003,성별,0050105,Person,By province,계,,시도별 성별 암 검진 공통사항(검사 경험 유무 및 검사 시기),시도별,문진결과별,Female
DT_35007_N051	4298	TBL_ID,PRD_DE,ITM_NM,DT,UNIT_NM,ORG_ID,C3_NM,C2_NM,PRD_SE,LST_CHN_DE,ITM_ID,C1,C2,C2_OBJ_NM,C3,UNIT_NM_ENG,C1_NM,TBL_NM,C1_OBJ_NM,C3_OBJ_NM	DT_35007_N051,2024,연령별 성별 암 검진 공통사항(검사 경험 유무 및 검사 시기),11442,명,350,1년보다 오래전에,여자,A,2026-01-09,001,A02,003,성별,0050105,In person,25 ~ 29세,연령별 성별 암 검진 공통사항(검사 경험 유무 및 검사 시기),연령별,문진결과별
DT_35007_N052	4147	TBL_ID,PRD_DE,ITM_NM,DT,UNIT_NM,ORG_ID,C2_OBJ_NM_ENG,C3_NM,C2_NM,PRD_SE,LST_CHN_DE,ITM_ID,C1,C2,C2_OBJ_NM,C3,UNIT_NM_ENG,C1_OBJ_NM_ENG,C1_NM,C1_NM_ENG,TBL_NM,C1_OBJ_NM,C3_OBJ_NM,C2_NM_ENG	DT_35007_N052,2024,시도별 성별 위암 대장암 간암 폐암 관련 문항,7789098,명,350,By gender,없음,여자,A,2026-01-09,001,15350AC400Z1,003,성별,00407,In person,By province,계,,시도별 성별 위암 대장암 간암 폐암 관련 문항,시도별,문진결과별,Female
DT_35007_N053	2868	TBL_ID,PRD_DE,ITM_NM,DT,UNIT_NM,ORG_ID,C3_NM,C2_NM,PRD_SE,LST_CHN_DE,ITM_ID,C1,C2,C2_OBJ_NM,C3,UNIT_NM_ENG,C1_NM,TBL_NM,C1_OBJ_NM,C3_OBJ_NM	DT_35007_N053,2024,연령별 성별 위암 대장암 간암 폐암 관련 문항,279107,명,350,없음,여자,A,2026-01-09,001,A02,003,성별,00407,In person,25 ~ 29세,연령별 성별 위암 대장암 간암 폐암 관련 문항,연령별,문진결과별
DT_35007_N054	1428	TBL_ID,PRD_DE,ITM_NM,DT,UNIT_NM,ORG_ID,C2_NM,PRD_SE,LST_CHN_DE,ITM_ID,C1,C2,C2_OBJ_NM,UNIT_NM_ENG,C1_OBJ_NM_ENG,C1_NM,C1_NM_ENG,TBL_NM,C1_OBJ_NM	DT_35007_N054,2024,시도별 유방암 자궁경부암 관련 문항,247103,명,350,모르겠음,A,2026-01-09,001,15350AC400Z1,00605,문진결과별,In person,By province,계,,시도별 유방암 자궁경부암 관련 문항,시도별
DT_35007_N055	1013	TBL_ID,PRD_DE,ITM_NM,DT,UNIT_NM,ORG_ID,C2_NM,PRD_SE,LST_CHN_DE,ITM_ID,C1,C2,C2_OBJ_NM,UNIT_NM_ENG,C1_NM,TBL_NM,C1_OBJ_NM	DT_35007_N055,2024,연령별 유방암 자궁경부암 관련 문항,9455,명,350,모르겠음,A,2026-01-09,001,A02,00605,문진결과별,In person,25 ~ 29세,연령별 유방암 자궁경부암 관련 문항,연령별
DT_35007_N056	865	TBL_ID,PRD_DE,ITM_NM,DT,UNIT_NM,ORG_ID,C2_OBJ_NM_ENG,C3_NM,C2_NM,PRD_SE,LST_CHN_DE,ITM_ID,C1,C2,C2_OBJ_NM,C3,UNIT_NM_ENG,C1_OBJ_NM_ENG,C1_NM,C1_NM_ENG,TBL_NM,C1_OBJ_NM,C3_OBJ_NM,C2_NM_ENG	DT_35007_N056,2024,시도별 체질량 분포 현황,17053,명,350,By gender,비만3단계(BMI 40.0 이상),여자,A,2026-01-09,001,15350AC400Z1,003,성별,006,In person,By province,계,,시도별 체질량 분포 현황,시도별,체질량구간별,Female
DT_35007_N057	627	TBL_ID,PRD_DE,ITM_NM,DT,UNIT_NM,ORG_ID,C3_NM,C2_NM,PRD_SE,LST_CHN_DE,ITM_ID,C1,C2,C2_OBJ_NM,C3,UNIT_NM_ENG,C1_NM,TBL_NM,C1_OBJ_NM,C3_OBJ_NM	DT_35007_N057,2024,연령별 체질량 분포 현황,14,명,350,비만3단계(BMI 40.0 이상),여자,A,2026-01-09,001,016,003,성별,006,In person,85세 이상,연령별 체질량 분포 현황,연령별,체질량구간별
DT_35007_N058	1355	TBL_ID,PRD_DE,ITM_NM,DT,UNIT_NM,ORG_ID,C2_OBJ_NM_ENG,C3_NM,C2_NM,PRD_SE,LST_CHN_DE,ITM_ID,C1,C2,C2_OBJ_NM,C3,UNIT_NM_ENG,C1_OBJ_NM_ENG,C1_NM,C1_NM_ENG,TBL_NM,C1_OBJ_NM,C3_OBJ_NM,C2_NM_ENG	DT_35007_N058,2024,시도별 허리둘레 분포 현황,31607,명,350,By gender,110cm 이상,여자,A,2026-01-09,001,15350AC400Z1,003,성별,010,In person,By province,계,,시도별 허리둘레 분포 현황,시도별,허리둘레별,Female
DT_35007_N059	969	TBL_ID,PRD_DE,ITM_NM,DT,UNIT_NM,ORG_ID,C3_NM,C2_NM,PRD_SE,LST_CHN_DE,ITM_ID,C1,C2,C2_OBJ_NM,C3,UNIT_NM_ENG,C1_NM,TBL_NM,C1_OBJ_NM,C3_OBJ_NM	DT_35007_N059,2024,연령별 허리둘레 분포 현황,217,명,350,110cm 이상,여자,A,2026-01-09,001,016,003,성별,010,In person,85세 이상,연령별 허리둘레 분포 현황,연령별,허리둘레별
DT_35007_N060	1155	TBL_ID,PRD_DE,ITM_NM,DT,UNIT_NM,ORG_ID,C2_OBJ_NM_ENG,C3_NM,C2_NM,PRD_SE,LST_CHN_DE,ITM_ID,C1,C2,C2_OBJ_NM,C3,UNIT_NM_ENG,C1_OBJ_NM_ENG,C1_NM,C1_NM_ENG,TBL_NM,C1_OBJ_NM,C3_OBJ_NM,C2_NM_ENG	DT_35007_N060,2024,시도별 이완기혈압 분포 현황,3966,명,350,By gender,120mmHg 이상,여자,A,2026-01-09,001,15350AC400Z1,003,성별,008,In person,By province,계,,시도별 이완기혈압 분포 현황,시도별,이완기혈압구간별,Female
DT_35007_N061	838	TBL_ID,PRD_DE,ITM_NM,DT,UNIT_NM,ORG_ID,C3_NM,C2_NM,PRD_SE,LST_CHN_DE,ITM_ID,C1,C2,C2_OBJ_NM,C3,UNIT_NM_ENG,C1_NM,TBL_NM,C1_OBJ_NM,C3_OBJ_NM	DT_35007_N061,2024,연령별 이완기혈압 분포 현황,40,명,350,120mmHg 이상,여자,A,2026-01-09,001,016,003,성별,008,In person,85세 이상,연령별 이완기혈압 분포 현황,연령별,이완기혈압구간별
DT_35007_N062	1449	TBL_ID,PRD_DE,ITM_NM,DT,UNIT_NM,ORG_ID,C2_OBJ_NM_ENG,C3_NM,C2_NM,PRD_SE,LST_CHN_DE,ITM_ID,C1,C2,C2_OBJ_NM,C3,UNIT_NM_ENG,C1_OBJ_NM_ENG,C1_NM,C1_NM_ENG,TBL_NM,C1_OBJ_NM,C3_OBJ_NM,C2_NM_ENG	DT_35007_N062,2024,시도별 수축기혈압 분포 현황,14850,명,350,By gender,180mmHg 이상,여자,A,2026-01-09,001,15350AC400Z1,003,성별,010,In person,By province,계,,시도별 수축기혈압 분포 현황,시도별,수축기혈압구간별,Female
DT_35007_N063	1052	TBL_ID,PRD_DE,ITM_NM,DT,UNIT_NM,ORG_ID,C3_NM,C2_NM,PRD_SE,LST_CHN_DE,ITM_ID,C1,C2,C2_OBJ_NM,C3,UNIT_NM_ENG,C1_NM,TBL_NM,C1_OBJ_NM,C3_OBJ_NM	DT_35007_N063,2024,연령별 수축기혈압 분포 현황,674,명,350,180mmHg 이상,여자,A,2026-01-09,001,016,003,성별,010,In person,85세 이상,연령별 수축기혈압 분포 현황,연령별,수축기혈압구간별
DT_35007_N064	917	TBL_ID,PRD_DE,ITM_NM,DT,UNIT_NM,ORG_ID,C2_OBJ_NM_ENG,C3_NM,C2_NM,PRD_SE,LST_CHN_DE,ITM_ID,C1,C2,C2_OBJ_NM,C3,UNIT_NM_ENG,C1_OBJ_NM_ENG,C1_NM,C1_NM_ENG,TBL_NM,C1_OBJ_NM,C3_OBJ_NM,C2_NM_ENG	DT_35007_N064,2024,시도별 요단백 분포 현황,3438,명,350,By gender,+4,여자,A,2026-01-09,001,15350AC400Z1,003,성별,007,In person,By province,계,,시도별 요단백 분포 현황,시도별,요단백구간별,Female
DT_35007_N065	650	TBL_ID,PRD_DE,ITM_NM,DT,UNIT_NM,ORG_ID,C3_NM,C2_NM,PRD_SE,LST_CHN_DE,ITM_ID,C1,C2,C2_OBJ_NM,C3,UNIT_NM_ENG,C1_NM,TBL_NM,C1_OBJ_NM,C3_OBJ_NM	DT_35007_N065,2024,연령별 요단백 분포 현황,93,명,350,+4,여자,A,2026-01-09,001,016,003,성별,007,In person,85세 이상,연령별 요단백 분포 현황,연령별,요단백구간별
DT_35007_N066	1499	TBL_ID,PRD_DE,ITM_NM,DT,UNIT_NM,ORG_ID,C2_OBJ_NM_ENG,C3_NM,C2_NM,PRD_SE,LST_CHN_DE,ITM_ID,C1,C2,C2_OBJ_NM,C3,UNIT_NM_ENG,C1_OBJ_NM_ENG,C1_NM,C1_NM_ENG,TBL_NM,C1_OBJ_NM,C3_OBJ_NM,C2_NM_ENG	DT_35007_N066,2024,시도별 혈색소 분포 현황,11808,명,350,By gender,16.6g/dL 이상,여자,A,2026-01-09,001,15350AC400Z1,003,성별,011,In person,By province,계,,시도별 혈색소 분포 현황,시도별,혈색소구간별,Female
DT_35007_N067	1074	TBL_ID,PRD_DE,ITM_NM,DT,UNIT_NM,ORG_ID,C3_NM,C2_NM,PRD_SE,LST_CHN_DE,ITM_ID,C1,C2,C2_OBJ_NM,C3,UNIT_NM_ENG,C1_NM,TBL_NM,C1_OBJ_NM,C3_OBJ_NM	DT_35007_N067,2024,연령별 혈색소 분포 현황,61,명,350,16.6g/dL 이상,여자,A,2026-01-09,001,016,003,성별,011,In person,85세 이상,연령별 혈색소 분포 현황,연령별,혈색소구간별
DT_35007_N068	1265	TBL_ID,PRD_DE,ITM_NM,DT,UNIT_NM,ORG_ID,C2_OBJ_NM_ENG,C3_NM,C2_NM,PRD_SE,LST_CHN_DE,ITM_ID,C1,C2,C2_OBJ_NM,C3,UNIT_NM_ENG,C1_OBJ_NM_ENG,C1_NM,C1_NM_ENG,TBL_NM,C1_OBJ_NM,C3_OBJ_NM,C2_NM_ENG	DT_35007_N068,2024,시도별 공복혈당 분포 현황,45171,명,350,By gender,200mg/dL 이상,여자,A,2026-01-09,001,15350AC400Z1,003,성별,009,In person,By province,계,,시도별 공복혈당 분포 현황,시도별,공복혈당구간별,Female
DT_35007_N069	913	TBL_ID,PRD_DE,ITM_NM,DT,UNIT_NM,ORG_ID,C3_NM,C2_NM,PRD_SE,LST_CHN_DE,ITM_ID,C1,C2,C2_OBJ_NM,C3,UNIT_NM_ENG,C1_NM,TBL_NM,C1_OBJ_NM,C3_OBJ_NM	DT_35007_N069,2024,연령별 공복혈당 분포 현황,967,명,350,200mg/dL 이상,여자,A,2026-01-09,001,016,003,성별,009,In person,85세 이상,연령별 공복혈당 분포 현황,연령별,공복혈당구간별
DT_35007_N070	1501	TBL_ID,PRD_DE,ITM_NM,DT,UNIT_NM,ORG_ID,C2_OBJ_NM_ENG,C3_NM,C2_NM,PRD_SE,LST_CHN_DE,ITM_ID,C1,C2,C2_OBJ_NM,C3,UNIT_NM_ENG,C1_OBJ_NM_ENG,C1_NM,C1_NM_ENG,TBL_NM,C1_OBJ_NM,C3_OBJ_NM,C2_NM_ENG	DT_35007_N070,2024,시도별 총콜레스테롤 분포 현황,102397,명,350,By gender,280mg/dL 이상,여자,A,2026-01-09,001,15350AC400Z1,003,성별,010,In person,By province,계,,시도별 총콜레스테롤 분포 현황,시도별,총콜레스테롤구간별,Female
DT_35007_N071	1095	TBL_ID,PRD_DE,ITM_NM,DT,UNIT_NM,ORG_ID,C3_NM,C2_NM,PRD_SE,LST_CHN_DE,ITM_ID,C1,C2,C2_OBJ_NM,C3,UNIT_NM_ENG,C1_NM,TBL_NM,C1_OBJ_NM,C3_OBJ_NM	DT_35007_N071,2024,연령별 총콜레스테롤 분포 현황,246,명,350,280mg/dL 이상,여자,A,2026-01-09,001,016,003,성별,010,In person,85세 이상,연령별 총콜레스테롤 분포 현황,연령별,총콜레스테롤구간별
DT_35007_N072	1343	TBL_ID,PRD_DE,ITM_NM,DT,UNIT_NM,ORG_ID,C2_OBJ_NM_ENG,C3_NM,C2_NM,PRD_SE,LST_CHN_DE,ITM_ID,C1,C2,C2_OBJ_NM,C3,UNIT_NM_ENG,C1_OBJ_NM_ENG,C1_NM,C1_NM_ENG,TBL_NM,C1_OBJ_NM,C3_OBJ_NM,C2_NM_ENG	DT_35007_N072,2024,시도별 HDL콜레스테롤 분포 현황,139988,명,350,By gender,90mg/dL 이상,여자,A,2026-01-09,001,15350AC400Z1,003,성별,009,In person,By province,계,,시도별 HDL콜레스테롤 분포 현황,시도별,HDL콜레스테롤구간별,Female
DT_35007_N073	981	TBL_ID,PRD_DE,ITM_NM,DT,UNIT_NM,ORG_ID,C3_NM,C2_NM,PRD_SE,LST_CHN_DE,ITM_ID,C1,C2,C2_OBJ_NM,C3,UNIT_NM_ENG,C1_NM,TBL_NM,C1_OBJ_NM,C3_OBJ_NM	DT_35007_N073,2024,연령별 HDL콜레스테롤 분포 현황,316,명,350,90mg/dL 이상,여자,A,2026-01-09,001,016,003,성별,009,In person,85세 이상,연령별 HDL콜레스테롤 분포 현황,연령별,HDL콜레스테롤구간별
DT_35007_N074	1434	TBL_ID,PRD_DE,ITM_NM,DT,UNIT_NM,ORG_ID,C2_OBJ_NM_ENG,C3_NM,C2_NM,PRD_SE,LST_CHN_DE,ITM_ID,C1,C2,C2_OBJ_NM,C3,UNIT_NM_ENG,C1_OBJ_NM_ENG,C1_NM,C1_NM_ENG,TBL_NM,C1_OBJ_NM,C3_OBJ_NM,C2_NM_ENG	DT_35007_N074,2024,시도별 트리글리세라이드 분포 현황,7100,명,350,By gender,500mg/dL 이상,여자,A,2026-01-09,001,15350AC400Z1,003,성별,009,In person,By province,계,,시도별 트리글리세라이드 분포 현황,시도별,트리글리세라이드구간별,Female
DT_35007_N075	1062	TBL_ID,PRD_DE,ITM_NM,DT,UNIT_NM,ORG_ID,C3_NM,C2_NM,PRD_SE,LST_CHN_DE,ITM_ID,C1,C2,C2_OBJ_NM,C3,UNIT_NM_ENG,C1_NM,TBL_NM,C1_OBJ_NM,C3_OBJ_NM	DT_35007_N075,2024,연령별 트리글리세라이드 분포 현황,55,명,350,500mg/dL 이상,여자,A,2026-01-09,001,016,003,성별,009,In person,85세 이상,연령별 트리글리세라이드 분포 현황,연령별,트리글리세라이드구간별
DT_35007_N076	1049	TBL_ID,PRD_DE,ITM_NM,DT,UNIT_NM,ORG_ID,C2_OBJ_NM_ENG,C3_NM,C2_NM,PRD_SE,LST_CHN_DE,ITM_ID,C1,C2,C2_OBJ_NM,C3,UNIT_NM_ENG,C1_OBJ_NM_ENG,C1_NM,C1_NM_ENG,TBL_NM,C1_OBJ_NM,C3_OBJ_NM,C2_NM_ENG	DT_35007_N076,2024,시도별 LDL콜레스테롤 분포 현황,93081,명,350,By gender,190mg/dL 이상,여자,A,2026-01-09,001,15350AC400Z1,003,성별,007,In person,By province,계,,시도별 LDL콜레스테롤 분포 현황,시도별,LDL콜레스테롤구간별,Female
DT_35007_N077	767	TBL_ID,PRD_DE,ITM_NM,DT,UNIT_NM,ORG_ID,C3_NM,C2_NM,PRD_SE,LST_CHN_DE,ITM_ID,C1,C2,C2_OBJ_NM,C3,UNIT_NM_ENG,C1_NM,TBL_NM,C1_OBJ_NM,C3_OBJ_NM	DT_35007_N077,2024,연령별 LDL콜레스테롤 분포 현황,245,명,350,190mg/dL 이상,여자,A,2026-01-09,001,016,003,성별,007,In person,85세 이상,연령별 LDL콜레스테롤 분포 현황,연령별,LDL콜레스테롤구간별
DT_35007_N078	1392	TBL_ID,PRD_DE,ITM_NM,DT,UNIT_NM,ORG_ID,C2_OBJ_NM_ENG,C3_NM,C2_NM,PRD_SE,LST_CHN_DE,ITM_ID,C1,C2,C2_OBJ_NM,C3,UNIT_NM_ENG,C1_OBJ_NM_ENG,C1_NM,C1_NM_ENG,TBL_NM,C1_OBJ_NM,C3_OBJ_NM,C2_NM_ENG	DT_35007_N078,2024,시도별 혈청크레아티닌 분포 현황,11715,명,350,By gender,2.1mg/dL 이상,여자,A,2026-01-09,001,15350AC400Z1,003,성별,010,In person,By province,계,,시도별 혈청크레아티닌 분포 현황,시도별,혈청크레아티닌구간별,Female
DT_35007_N079	1021	TBL_ID,PRD_DE,ITM_NM,DT,UNIT_NM,ORG_ID,C3_NM,C2_NM,PRD_SE,LST_CHN_DE,ITM_ID,C1,C2,C2_OBJ_NM,C3,UNIT_NM_ENG,C1_NM,TBL_NM,C1_OBJ_NM,C3_OBJ_NM	DT_35007_N079,2024,연령별 혈청크레아티닌 분포 현황,2173256,명,350,계,합계,A,2026-01-09,001,009,001,성별,001,In person,50 ~ 54세,연령별 혈청크레아티닌 분포 현황,연령별,혈청크레아티닌구간별
DT_35007_N080	1340	TBL_ID,PRD_DE,ITM_NM,DT,UNIT_NM,ORG_ID,C2_OBJ_NM_ENG,C3_NM,C2_NM,PRD_SE,LST_CHN_DE,ITM_ID,C1,C2,C2_OBJ_NM,C3,UNIT_NM_ENG,C1_OBJ_NM_ENG,C1_NM,C1_NM_ENG,TBL_NM,C1_OBJ_NM,C3_OBJ_NM,C2_NM_ENG	DT_35007_N080,2024,시도별 AST(SGOT) 분포 현황,36696,명,350,By gender,101U/L 이상,여자,A,2026-01-09,001,15350AC400Z1,003,성별,010,In person,By province,계,,시도별 AST(SGOT) 분포 현황,시도별,AST(SGOT)구간별,Female
DT_35007_N081	955	TBL_ID,PRD_DE,ITM_NM,DT,UNIT_NM,ORG_ID,C3_NM,C2_NM,PRD_SE,LST_CHN_DE,ITM_ID,C1,C2,C2_OBJ_NM,C3,UNIT_NM_ENG,C1_NM,TBL_NM,C1_OBJ_NM,C3_OBJ_NM	DT_35007_N081,2024,연령별 AST(SGOT) 분포 현황,209,명,350,101U/L 이상,여자,A,2026-01-09,001,016,003,성별,010,In person,85세 이상,연령별 AST(SGOT) 분포 현황,연령별,AST(SGOT)구간별
DT_35007_N082	1474	TBL_ID,PRD_DE,ITM_NM,DT,UNIT_NM,ORG_ID,C2_OBJ_NM_ENG,C3_NM,C2_NM,PRD_SE,LST_CHN_DE,ITM_ID,C1,C2,C2_OBJ_NM,C3,UNIT_NM_ENG,C1_OBJ_NM_ENG,C1_NM,C1_NM_ENG,TBL_NM,C1_OBJ_NM,C3_OBJ_NM,C2_NM_ENG	DT_35007_N082,2024,시도별 ALT(SGPT) 분포 현황,49270,명,350,By gender,101U/L 이상,여자,A,2026-01-09,001,15350AC400Z1,003,성별,011,In person,By province,계,,시도별 ALT(SGPT) 분포 현황,시도별,ALT(SGPT)구간별,Female
DT_35007_N083	1051	TBL_ID,PRD_DE,ITM_NM,DT,UNIT_NM,ORG_ID,C3_NM,C2_NM,PRD_SE,LST_CHN_DE,ITM_ID,C1,C2,C2_OBJ_NM,C3,UNIT_NM_ENG,C1_NM,TBL_NM,C1_OBJ_NM,C3_OBJ_NM	DT_35007_N083,2024,연령별 ALT(SGPT) 분포 현황,172,명,350,101U/L 이상,여자,A,2026-01-09,001,016,003,성별,011,In person,85세 이상,연령별 ALT(SGPT) 분포 현황,연령별,ALT(SGPT)구간별
DT_35007_N084	1325	TBL_ID,PRD_DE,ITM_NM,DT,UNIT_NM,ORG_ID,C2_OBJ_NM_ENG,C3_NM,C2_NM,PRD_SE,LST_CHN_DE,ITM_ID,C1,C2,C2_OBJ_NM,C3,UNIT_NM_ENG,C1_OBJ_NM_ENG,C1_NM,C1_NM_ENG,TBL_NM,C1_OBJ_NM,C3_OBJ_NM,C2_NM_ENG	DT_35007_N084,2024,시도별 감마지티피(γ-GTP) 분포 현황,129862,명,350,By gender,100U/L 이상,여자,A,2026-01-09,001,15350AC400Z1,003,성별,009,In person,By province,계,,시도별 감마지티피(γ-GTP) 분포 현황,시도별,γ-GTP구간별,Female
DT_35007_N085	966	TBL_ID,PRD_DE,ITM_NM,DT,UNIT_NM,ORG_ID,C3_NM,C2_NM,PRD_SE,LST_CHN_DE,ITM_ID,C1,C2,C2_OBJ_NM,C3,UNIT_NM_ENG,C1_NM,TBL_NM,C1_OBJ_NM,C3_OBJ_NM	DT_35007_N085,2024,연령별 감마지티피(γ-GTP) 분포 현황,916,명,350,100U/L 이상,여자,A,2026-01-09,001,016,003,성별,009,In person,85세 이상,연령별 감마지티피(γ-GTP) 분포 현황,연령별,γ-GTP구간별
DT_35007_N086	598	TBL_ID,PRD_DE,ITM_NM,DT,UNIT_NM,ORG_ID,C2_OBJ_NM_ENG,C3_NM,C2_NM,PRD_SE,LST_CHN_DE,ITM_ID,C1,C2,C2_OBJ_NM,C3,UNIT_NM_ENG,C1_OBJ_NM_ENG,C1_NM,C1_NM_ENG,TBL_NM,C1_OBJ_NM,C3_OBJ_NM,C2_NM_ENG	DT_35007_N086,2024,시도별 흉부방사선결과 분포 현황,218872,명,350,By gender,기타,여자,A,2026-01-09,001,15350AC400Z1,003,성별,005,In person,By province,계,,시도별 흉부방사선결과 분포 현황,시도별,흉부방사선결과별,Female
DT_35007_N087	437	TBL_ID,PRD_DE,ITM_NM,DT,UNIT_NM,ORG_ID,C3_NM,C2_NM,PRD_SE,LST_CHN_DE,ITM_ID,C1,C2,C2_OBJ_NM,C3,UNIT_NM_ENG,C1_NM,TBL_NM,C1_OBJ_NM,C3_OBJ_NM	DT_35007_N087,2024,연령별 흉부방사선결과 분포 현황,4357,명,350,기타,여자,A,2026-01-09,001,016,003,성별,005,In person,85세 이상,연령별 흉부방사선결과 분포 현황,연령별,흉부방사선결과별
DT_35007_N088	940	TBL_ID,PRD_DE,ITM_NM,DT,UNIT_NM,ORG_ID,C3_NM,C2_NM,PRD_SE,LST_CHN_DE,ITM_ID,C1,C2,C2_OBJ_NM,C3,UNIT_NM_ENG,C1_NM,TBL_NM,C1_OBJ_NM,C3_OBJ_NM	DT_35007_N088,2017,시도별 2차 검진 이완기혈압 분포 현황,93,명,350,130mmHg 이상,여자,A,2019-01-17,001,15350AC400Z1,003,성별,009,In person,계,시도별 2차 검진 이완기혈압 분포 현황,시도별,이완기혈압구간별
DT_35007_N089	830	TBL_ID,PRD_DE,ITM_NM,DT,UNIT_NM,ORG_ID,C3_NM,C2_NM,PRD_SE,LST_CHN_DE,ITM_ID,C1,C2,C2_OBJ_NM,C3,UNIT_NM_ENG,C1_NM,TBL_NM,C1_OBJ_NM,C3_OBJ_NM	DT_35007_N089,2017,연령별 2차 검진 이완기혈압 분포 현황,-,명,350,130mmHg 이상,여자,A,2019-01-17,001,016,003,성별,009,In person,85세 이상,연령별 2차 검진 이완기혈압 분포 현황,연령별,이완기혈압구간별
DT_35007_N090	1048	TBL_ID,PRD_DE,ITM_NM,DT,UNIT_NM,ORG_ID,C3_NM,C2_NM,PRD_SE,LST_CHN_DE,ITM_ID,C1,C2,C2_OBJ_NM,C3,UNIT_NM_ENG,C1_NM,TBL_NM,C1_OBJ_NM,C3_OBJ_NM	DT_35007_N090,2017,시도별 2차 검진 수축기혈압 분포 현황,1464,명,350,180mmHg 이상,여자,A,2019-01-17,001,15350AC400Z1,003,성별,010,In person,계,시도별 2차 검진 수축기혈압 분포 현황,시도별,수축기혈압구간별
DT_35007_N091	926	TBL_ID,PRD_DE,ITM_NM,DT,UNIT_NM,ORG_ID,C3_NM,C2_NM,PRD_SE,LST_CHN_DE,ITM_ID,C1,C2,C2_OBJ_NM,C3,UNIT_NM_ENG,C1_NM,TBL_NM,C1_OBJ_NM,C3_OBJ_NM	DT_35007_N091,2017,연령별 2차 검진 수축기혈압 분포 현황,11,명,350,180mmHg 이상,여자,A,2019-01-17,001,016,003,성별,010,In person,85세 이상,연령별 2차 검진 수축기혈압 분포 현황,연령별,수축기혈압구간별
DT_35007_N092	913	TBL_ID,PRD_DE,ITM_NM,DT,UNIT_NM,ORG_ID,C3_NM,C2_NM,PRD_SE,LST_CHN_DE,ITM_ID,C1,C2,C2_OBJ_NM,C3,UNIT_NM_ENG,C1_NM,TBL_NM,C1_OBJ_NM,C3_OBJ_NM	DT_35007_N092,2017,시도별 2차 검진 공복혈당 분포 현황,4450,명,350,200mg/dL 이상,여자,A,2019-01-17,001,15350AC400Z1,003,성별,009,In person,계,시도별 2차 검진 공복혈당 분포 현황,시도별,공복혈당구간별
DT_35007_N093	806	TBL_ID,PRD_DE,ITM_NM,DT,UNIT_NM,ORG_ID,C3_NM,C2_NM,PRD_SE,LST_CHN_DE,ITM_ID,C1,C2,C2_OBJ_NM,C3,UNIT_NM_ENG,C1_NM,TBL_NM,C1_OBJ_NM,C3_OBJ_NM	DT_35007_N093,2017,연령별 2차 검진 공복혈당 분포 현황,11,명,350,200mg/dL 이상,여자,A,2019-01-17,001,016,003,성별,009,In person,85세 이상,연령별 2차 검진 공복혈당 분포 현황,연령별,공복혈당구간별
DT_35007_N094	163	TBL_ID,PRD_DE,ITM_NM,DT,UNIT_NM,ORG_ID,C2_NM,PRD_SE,LST_CHN_DE,ITM_ID,C1,C2,C2_OBJ_NM,UNIT_NM_ENG,C1_OBJ_NM_ENG,C1_NM,C1_NM_ENG,TBL_NM,C1_OBJ_NM	DT_35007_N094,2024,시도별 골밀도 분포 현황,120880,명,350,T-score -2.5 이하,A,2026-01-09,001,15350AC400Z1,004,골밀도구간별,In person,By province,계,,시도별 골밀도 분포 현황,시도별
DT_35007_N097_1	128	TBL_ID,PRD_DE,ITM_NM,DT,UNIT_NM,ORG_ID,C2_NM,PRD_SE,LST_CHN_DE,ITM_ID,C1,C2,C2_OBJ_NM,UNIT_NM_ENG,C1_NM,TBL_NM,C1_OBJ_NM	DT_35007_N097_1,2024,수검인원,221,명,350,여자,A,2026-01-06,002,016,003,성별,Person,85세 이상,연령별 성별 일반건강검진 대상 및 수검인원 현황 : 외국인,연령별
DT_35007_N097	292	TBL_ID,PRD_DE,ITM_NM,DT,UNIT_NM,ORG_ID,C3_NM,C2_NM,PRD_SE,LST_CHN_DE,ITM_ID,C1,C2,C2_OBJ_NM,C3,UNIT_NM_ENG,C1_NM,TBL_NM,C1_OBJ_NM,C3_OBJ_NM	DT_35007_N097,2017,수검인원,2,명,350,2차검진,여자,A,2018-12-20,002,016,003,성별,002,Person,85세 이상,연령별 성별 일반건강검진 대상 및 수검인원 현황 : 외국인,연령별,검진차수별
DT_35007_N098	13982	TBL_ID,PRD_DE,ITM_NM,DT,UNIT_NM,ORG_ID,C3_NM,C2_NM,PRD_SE,LST_CHN_DE,ITM_ID,C1,C2,C2_OBJ_NM,C3,UNIT_NM_ENG,C1_NM,TBL_NM,C1_OBJ_NM,C3_OBJ_NM	DT_35007_N098,2024,시군구별 성별 일반건강검진 판정현황,3029948,명,350,계,합계,A,2026-01-06,001,15350AC400A1,001,성별,001,Person,서울,시군구별 성별 일반건강검진 판정 현황,시군구별,검진결과별
DT_35007_N099	834	TBL_ID,PRD_DE,ITM_NM,DT,UNIT_NM,ORG_ID,C3_NM,C2_NM,PRD_SE,LST_CHN_DE,ITM_ID,C1,C2,C2_OBJ_NM,C3,UNIT_NM_ENG,C1_NM,TBL_NM,C1_OBJ_NM,C3_OBJ_NM	DT_35007_N099,2024,연령별 성별 일반건강검진 판정현황 : 전체,48494,명,350,유질환자,여자,A,2026-01-06,001,016,003,성별,005,Person,85세 이상,연령별 성별 일반건강검진 판정 현황 : 전체,연령별,검진결과별
DT_35007_N100	844	TBL_ID,PRD_DE,ITM_NM,DT,UNIT_NM,ORG_ID,C3_NM,C2_NM,PRD_SE,LST_CHN_DE,ITM_ID,C1,C2,C2_OBJ_NM,C3,UNIT_NM_ENG,C1_NM,TBL_NM,C1_OBJ_NM,C3_OBJ_NM	DT_35007_N100,2024,연령별 성별 일반건강검진 판정현황: 외국인,152,명,350,유질환자,여자,A,2026-01-06,001,016,003,성별,005,Person,85세 이상,연령별 성별 일반건강검진 판정 현황 : 외국인,연령별,검진결과별
DT_35007_N101	23336	TBL_ID,PRD_DE,ITM_NM,DT,UNIT_NM,ORG_ID,C3_NM,C2_NM,PRD_SE,LST_CHN_DE,ITM_ID,C1,C2,C2_OBJ_NM,C3,UNIT_NM_ENG,C1_NM,TBL_NM,C1_OBJ_NM,C3_OBJ_NM	DT_35007_N101,2024,시군구별 성별 일반건강검진 판정결과 정상B 세부현황,2270957,명,350,실인원,합계,A,2026-01-06,001,15350AC400A1,001,성별,00301,Person,서울,시군구별 성별 일반건강검진 판정결과 정상B 세부현황,시군구별,검진결과별
DT_35007_N102	1307	TBL_ID,PRD_DE,ITM_NM,DT,UNIT_NM,ORG_ID,C3_NM,C2_NM,PRD_SE,LST_CHN_DE,ITM_ID,C1,C2,C2_OBJ_NM,C3,UNIT_NM_ENG,C1_NM,TBL_NM,C1_OBJ_NM,C3_OBJ_NM	DT_35007_N102,2024,연령별 성별 일반건강검진 판정결과 정상B 세부현황,19415,명,350,기타질환관리,여자,A,2026-01-06,001,016,003,성별,00310,Person,85세 이상,연령별 성별 일반건강검진 판정결과 정상B 세부현황,연령별,검진결과별
DT_35007_N103	28572	TBL_ID,PRD_DE,ITM_NM,DT,UNIT_NM,ORG_ID,C3_NM,C2_NM,PRD_SE,LST_CHN_DE,ITM_ID,C1,C2,C2_OBJ_NM,C3,UNIT_NM_ENG,C1_NM,TBL_NM,C1_OBJ_NM,C3_OBJ_NM	DT_35007_N103,2024,시군구별 성별 일반건강검진 판정결과 질환의심 세부현황,1338754,명,350,실인원,합계,A,2026-01-06,001,15350AC400A1,001,성별,00301,Person,서울,시군구별 성별 일반건강검진 판정결과 질환의심 세부현황,시군구별,검진결과별
DT_35007_N104	1602	TBL_ID,PRD_DE,ITM_NM,DT,UNIT_NM,ORG_ID,C3_NM,C2_NM,PRD_SE,LST_CHN_DE,ITM_ID,C1,C2,C2_OBJ_NM,C3,UNIT_NM_ENG,C1_NM,TBL_NM,C1_OBJ_NM,C3_OBJ_NM	DT_35007_N104,2024,연령별 성별 일반건강검진 판정결과 질환의심 세부현황,3904,명,350,당뇨병,여자,A,2026-01-06,001,016,003,성별,00403,Person,85세 이상,연령별 성별 일반건강검진 판정결과 질환의심 세부현황,연령별,검진결과별
DT_35007_N105	11860	TBL_ID,PRD_DE,ITM_NM,DT,UNIT_NM,ORG_ID,C3_NM,C2_NM,PRD_SE,LST_CHN_DE,ITM_ID,C1,C2,C2_OBJ_NM,C3,UNIT_NM_ENG,C1_NM,TBL_NM,C1_OBJ_NM,C3_OBJ_NM	DT_35007_N105,2024,시군구별 성별 일반건강검진 판정결과 유질환자 세부현황,827190,명,350,실인원,합계,A,2026-01-06,001,15350AC400A1,001,성별,00301,Person,서울,시군구별 성별 일반건강검진 판정결과 유질환자 세부현황,시군구별,검진결과별
DT_35007_N106	665	TBL_ID,PRD_DE,ITM_NM,DT,UNIT_NM,ORG_ID,C3_NM,C2_NM,PRD_SE,LST_CHN_DE,ITM_ID,C1,C2,C2_OBJ_NM,C3,UNIT_NM_ENG,C1_NM,TBL_NM,C1_OBJ_NM,C3_OBJ_NM	DT_35007_N106,2024,연령별 성별 일반건강검진 판정결과 유질환자 세부현황,43,명,350,폐결핵,여자,A,2026-01-06,001,016,003,성별,00305,Person,85세 이상,연령별 성별 일반건강검진 판정결과 유질환자 세부현황,연령별,검진결과별
DT_35007_N107	28015	TBL_ID,PRD_DE,ITM_NM,DT,UNIT_NM,ORG_ID,C4_NM,C3_NM,C2_NM,PRD_SE,LST_CHN_DE,ITM_ID,C1,C2,C2_OBJ_NM,C3,UNIT_NM_ENG,C4,C1_NM,TBL_NM,C1_OBJ_NM,C3_OBJ_NM,C4_OBJ_NM	DT_35007_N107,2017,인지기능장애,97462,명,350,1차검진,계,합계,A,2018-12-21,001,15350AC400A1,001,성별,003,Person,004A,서울,시군구별 성별 일반건강검진 정신건강검사 결과 : 인지기능장애,시군구별,검진대상자별,검진결과별
DT_35007_N1070	29529	TBL_ID,PRD_DE,ITM_NM,DT,UNIT_NM,ORG_ID,C3_NM,PRD_SE,LST_CHN_DE,C1,C2,C3,C4,C1_NM,TBL_NM,C2_OBJ_NM_ENG,C4_NM,C2_NM,ITM_ID,C2_OBJ_NM,UNIT_NM_ENG,C1_OBJ_NM_ENG,C1_NM_ENG,C1_OBJ_NM,C3_OBJ_NM,C4_OBJ_NM,C2_NM_ENG	DT_35007_N1070,2024,인지기능장애,499087,명,350,계,A,2026-01-06,15350AC400A1,001,001,004A,서울특별시,시군구별 연령별 성별 일반건강검진 인지기능장애검사 결과,By gender,계,합계,001,성별,Person,By province,Seoul,시도별,연령별,검진결과별,
DT_35007_N108	10441	TBL_ID,PRD_DE,ITM_NM,DT,UNIT_NM,ORG_ID,C3_NM,C2_NM,PRD_SE,LST_CHN_DE,ITM_ID,C1,C2,C2_OBJ_NM,C3,UNIT_NM_ENG,C1_NM,TBL_NM,C1_OBJ_NM,C3_OBJ_NM	DT_35007_N108,2017,판정현황,28541,명,350,당뇨병,합계,A,2018-12-21,001,15350AC400A1,001,성별,001,Person,서울,시군구별 성별 일반건강검진 2차 판정현황 : 당뇨병 고혈압,시군구별,검진결과별
DT_35007_N109	582	TBL_ID,PRD_DE,ITM_NM,DT,UNIT_NM,ORG_ID,C3_NM,C2_NM,PRD_SE,LST_CHN_DE,ITM_ID,C1,C2,C2_OBJ_NM,C3,UNIT_NM_ENG,C1_NM,TBL_NM,C1_OBJ_NM,C3_OBJ_NM	DT_35007_N109,2017,판정현황,131,명,350,고혈압,여자,A,2018-12-21,001,016,003,성별,00204,Person,85세 이상,연령별 성별 일반건강검진 2차 판정현황 : 당뇨병 고혈압,연령별,검진결과별
DT_35007_N110	9277	TBL_ID,PRD_DE,ITM_NM,DT,UNIT_NM,ORG_ID,C3_NM,C2_NM,PRD_SE,LST_CHN_DE,ITM_ID,C1,C2,C2_OBJ_NM,C3,UNIT_NM_ENG,C1_NM,TBL_NM,C1_OBJ_NM,C3_OBJ_NM	DT_35007_N110,2017,판정현황,96444,명,350,계(1차 수검인원),합계,A,2019-01-08,001,15350AC400A1,001,성별,001,Person,서울,시군구별 성별 생애전환기(40세) 건강진단 1차 판정현황,시군구별,검진결과별
DT_35007_N111	9271	TBL_ID,PRD_DE,ITM_NM,DT,UNIT_NM,ORG_ID,C3_NM,C2_NM,PRD_SE,LST_CHN_DE,ITM_ID,C1,C2,C2_OBJ_NM,C3,UNIT_NM_ENG,C1_NM,TBL_NM,C1_OBJ_NM,C3_OBJ_NM	DT_35007_N111,2017,판정현황,55907,명,350,계(1차 수검인원),합계,A,2019-01-08,001,15350AC400A1,001,성별,001,Person,서울,시군구별 성별 생애전환기(66세) 건강진단 1차 판정현황,시군구별,검진결과별
DT_35007_N112	17660	TBL_ID,PRD_DE,ITM_NM,DT,UNIT_NM,ORG_ID,C3_NM,C2_NM,PRD_SE,LST_CHN_DE,ITM_ID,C1,C2,C2_OBJ_NM,C3,UNIT_NM_ENG,C1_NM,TBL_NM,C1_OBJ_NM,C3_OBJ_NM	DT_35007_N112,2017,시군구별 성별 생애전환기(40세) 건강진단 1차 판정결과 : 정상B,78868,명,350,실인원,합계,A,2019-01-09,001,15350AC400A1,001,성별,00301,In person,서울,시군구별 성별 생애전환기(40세) 건강진단 1차 판정결과 : 정상B,시군구별,검진결과별
DT_35007_N113	17663	TBL_ID,PRD_DE,ITM_NM,DT,UNIT_NM,ORG_ID,C3_NM,C2_NM,PRD_SE,LST_CHN_DE,ITM_ID,C1,C2,C2_OBJ_NM,C3,UNIT_NM_ENG,C1_NM,TBL_NM,C1_OBJ_NM,C3_OBJ_NM	DT_35007_N113,2017,시군구별 성별 생애전환기(66세) 건강진단 1차 판정결과 : 정상B,49203,명,350,실인원,합계,A,2019-01-09,001,15350AC400A1,001,성별,00301,In person,서울,시군구별 성별 생애전환기(66세) 건강진단 1차 판정결과 : 정상B,시군구별,검진결과별
DT_35007_N114	21591	TBL_ID,PRD_DE,ITM_NM,DT,UNIT_NM,ORG_ID,C3_NM,C2_NM,PRD_SE,LST_CHN_DE,ITM_ID,C1,C2,C2_OBJ_NM,C3,UNIT_NM_ENG,C1_NM,TBL_NM,C1_OBJ_NM,C3_OBJ_NM	DT_35007_N114,2017,시군구별 성별 생애전환기(40세) 건강진단 1차 판정결과 : 질환의심,40716,명,350,실인원,합계,A,2019-01-09,001,15350AC400A1,001,성별,00301,In person,서울,시군구별 성별 생애전환기(40세) 건강진단 1차 판정결과 : 질환의심,시군구별,검진결과별
DT_35007_N115	21602	TBL_ID,PRD_DE,ITM_NM,DT,UNIT_NM,ORG_ID,C3_NM,C2_NM,PRD_SE,LST_CHN_DE,ITM_ID,C1,C2,C2_OBJ_NM,C3,UNIT_NM_ENG,C1_NM,TBL_NM,C1_OBJ_NM,C3_OBJ_NM	DT_35007_N115,2017,시군구별 성별 생애전환기(66세) 건강진단 1차 판정결과 : 질환의심,34633,명,350,실인원,합계,A,2019-01-09,001,15350AC400A1,001,성별,00301,In person,서울,시군구별 성별 생애전환기(66세) 건강진단 1차 판정결과 : 질환의심,시군구별,검진결과별
DT_35007_N116	8950	TBL_ID,PRD_DE,ITM_NM,DT,UNIT_NM,ORG_ID,C3_NM,C2_NM,PRD_SE,LST_CHN_DE,ITM_ID,C1,C2,C2_OBJ_NM,C3,UNIT_NM_ENG,C1_NM,TBL_NM,C1_OBJ_NM,C3_OBJ_NM	DT_35007_N116,2017,시군구별 성별 생애전환기(40세) 건강진단 1차 판정결과 : 유질환자,5133,명,350,실인원,합계,A,2019-01-09,001,15350AC400A1,001,성별,00301,In person,서울,시군구별 성별 생애전환기(40세) 건강진단 1차 판정결과 : 유질환자,시군구별,검진결과별
DT_35007_N117	8968	TBL_ID,PRD_DE,ITM_NM,DT,UNIT_NM,ORG_ID,C3_NM,C2_NM,PRD_SE,LST_CHN_DE,ITM_ID,C1,C2,C2_OBJ_NM,C3,UNIT_NM_ENG,C1_NM,TBL_NM,C1_OBJ_NM,C3_OBJ_NM	DT_35007_N117,2017,시군구별 성별 생애전환기(66세) 건강진단 1차 판정결과 : 유질환자,28550,명,350,실인원,합계,A,2019-01-09,001,15350AC400A1,001,성별,00301,In person,서울,시군구별 성별 생애전환기(66세) 건강진단 1차 판정결과 : 유질환자,시군구별,검진결과별
DT_35007_N118	33320	TBL_ID,PRD_DE,ITM_NM,DT,UNIT_NM,ORG_ID,C4_OBJ_NM_ENG,C3_NM,ITM_NM_ENG,PRD_SE,LST_CHN_DE,C1,C2,C3,C3_OBJ_NM_ENG,C4,C1_NM,TBL_NM,C2_OBJ_NM_ENG,C4_NM,C2_NM,ITM_ID,C2_OBJ_NM,UNIT_NM_ENG,C1_OBJ_NM_ENG,C3_NM_ENG,C4_NM_ENG,C2_NM_ENG,C1_NM_ENG,C1_OBJ_NM,C3_OBJ_NM,C4_OBJ_NM	DT_35007_N118,2017,기분상태 및 우울증,96324,명,350,By Result,40세,Mood States and Depression,A,2019-01-09,15350AC400A1,001,003,By Examinees,004_1,서울,시군구별 성별 생애전환기 건강진단 정신건강검사 결과 : 기분상태 및 우울증,By Sex,1차검진,합계,001,성별,In person,By District,40 Years Old,1St Checkup,Total,Seoul,시군구별,검진대상자별,검진결과별
DT_35007_N1180	4280	TBL_ID,PRD_DE,ITM_NM,DT,UNIT_NM,ORG_ID,C3_NM,PRD_SE,LST_CHN_DE,C1,C2,C3,C4,C1_NM,TBL_NM,C2_OBJ_NM_ENG,C4_NM,C2_NM,ITM_ID,C2_OBJ_NM,UNIT_NM_ENG,C1_OBJ_NM_ENG,C2_NM_ENG,C1_NM_ENG,C1_OBJ_NM,C3_OBJ_NM,C4_OBJ_NM	DT_35007_N1180,2024,기분상태 및 우울증,3403,명,350,30대,A,2026-01-06,15350AC400Z1,003,007,004E,계,시도별 연령별 성별 일반건강검진 정신건강검사 결과 (기분상태 및 우울증),By gender,심한 우울증 의심,여자,001,성별,In person,By province,Female,Total,시도별,연령별,검진결과별
DT_35007_N119	9083	TBL_ID,PRD_DE,ITM_NM,DT,UNIT_NM,ORG_ID,C3_NM,C2_NM,PRD_SE,LST_CHN_DE,ITM_ID,C1,C2,C2_OBJ_NM,C3,UNIT_NM_ENG,C1_NM,TBL_NM,C1_OBJ_NM,C3_OBJ_NM	DT_35007_N119,2017,인지기능장애,55884,명,350,1차검진,합계,A,2019-01-09,001,15350AC400A1,001,성별,003,In person,서울,시군구별 성별 생애전환기(66세) 건강진단 정신건강검사 결과 : 인지기능장애,시군구별,검진결과별
DT_35007_N120	6848	TBL_ID,PRD_DE,ITM_NM,DT,UNIT_NM,ORG_ID,C4_NM,C3_NM,C2_NM,PRD_SE,LST_CHN_DE,ITM_ID,C1,C2,C2_OBJ_NM,C3,UNIT_NM_ENG,C4,C1_NM,TBL_NM,C1_OBJ_NM,C3_OBJ_NM,C4_OBJ_NM	DT_35007_N120,2011,종합판정현황,268045,명,350,계,계,합계,A,2015-11-17,001,15350AC400A1,001,성별,001,In Person,004A,서울,시군구별 성별 영유아 건강검진 종합판정현황,시군구별,영유아연령별,검진결과별
DT_35007_N121	1874	TBL_ID,PRD_DE,ITM_NM,DT,UNIT_NM,ORG_ID,C2_OBJ_NM_ENG,C3_NM,C2_NM,PRD_SE,LST_CHN_DE,ITM_ID,C1,C2,C2_OBJ_NM,C3,UNIT_NM_ENG,C1_OBJ_NM_ENG,C1_NM,C1_NM_ENG,TBL_NM,C1_OBJ_NM,C3_OBJ_NM,C2_NM_ENG	DT_35007_N121,2024,시도별 시력 분포 현황,18500,명,350,By gender,기타,여자,A,2026-01-09,001,15350AC400Z1,003,성별,00208,In person,By province,계,,시도별 시력 분포 현황,시도별,시력구간별,Female
DT_35007_N122	1526	TBL_ID,PRD_DE,ITM_NM,DT,UNIT_NM,ORG_ID,C3_NM,C2_NM,PRD_SE,LST_CHN_DE,ITM_ID,C1,C2,C2_OBJ_NM,C3,UNIT_NM_ENG,C1_NM,TBL_NM,C1_OBJ_NM,C3_OBJ_NM	DT_35007_N122,2024,연령별 성별 시력 분포 현황,1511,명,350,기타,여자,A,2026-01-09,001,016,003,성별,00208,In person,85세 이상,연령별 시력 분포 현황,연령별,시력구간별
DT_35007_N124	31155	TBL_ID,PRD_DE,ITM_NM,DT,UNIT_NM,ORG_ID,C3_NM,C2_NM,PRD_SE,LST_CHN_DE,ITM_ID,C1,C2,C2_OBJ_NM,C3,UNIT_NM_ENG,C1_NM,TBL_NM,C1_OBJ_NM,C3_OBJ_NM	DT_35007_N124,2024,대상인원,347537,명,350,계,합계,A,2026-01-08,001,15350AC400A1,001,성별,001,In person,서울,시군구별 성별 영유아 건강검진 대상 및 수검인원 현황,시군구별,영유아월령별
DT_35007_N125	3343	TBL_ID,PRD_DE,ITM_NM,DT,UNIT_NM,ORG_ID,C3_NM,C2_NM,PRD_SE,LST_CHN_DE,ITM_ID,C1,C2,C2_OBJ_NM,C3,UNIT_NM_ENG,C1_NM,TBL_NM,C1_OBJ_NM,C3_OBJ_NM	DT_35007_N125,2024,영유아 건강검진 결과현황,1699159,명,350,합계,계,A,2026-01-09,001,001,001,영유아월령별,001,In person,수검자,영유아 건강검진 결과현황,검진결과별,성별
DT_35007_N126	76098	TBL_ID,PRD_DE,ITM_NM,DT,UNIT_NM,ORG_ID,C4_NM,C3_NM,C2_NM,PRD_SE,LST_CHN_DE,ITM_ID,C1,C2,C2_OBJ_NM,C3,UNIT_NM_ENG,C4,C1_NM,TBL_NM,C1_OBJ_NM,C3_OBJ_NM,C4_OBJ_NM	DT_35007_N126,2024,종합판정현황,265486,명,350,계,계,합계,A,2026-01-09,001,15350AC400A1,001,성별,001,In person,004A,서울,시군구별 성별 영유아 건강검진 종합판정현황,시군구별,영유아월령별,검진결과별
DT_35007_N127	437	TBL_ID,PRD_DE,ITM_NM,DT,UNIT_NM,ORG_ID,C4_NM,C3_NM,C2_NM,PRD_SE,LST_CHN_DE,ITM_ID,C1,C2,C2_OBJ_NM,C3,UNIT_NM_ENG,C4,C1_NM,TBL_NM,C1_OBJ_NM,C3_OBJ_NM,C4_OBJ_NM	DT_35007_N127,2013,종합판정현황,15016,명,350,치료필요,54~65개월,여자,A,2015-11-11,001,15350AC400Z1,003,성별,003,In person,004E,계,시도별 성별 영유아 건강검진 대상자 구강검진 종합판정 현황,시도별,영유아월령별,검진결과별
DT_35007_N128	1425	TBL_ID,PRD_DE,ITM_NM,DT,UNIT_NM,ORG_ID,C2_OBJ_NM_ENG,C3_NM,C2_NM,PRD_SE,LST_CHN_DE,ITM_ID,C1,C2,C2_OBJ_NM,C3,UNIT_NM_ENG,C1_OBJ_NM_ENG,C1_NM,C1_NM_ENG,TBL_NM,C1_OBJ_NM,C3_OBJ_NM,C2_NM_ENG	DT_35007_N128,2024,시도별 신사구체여과율 분포 현황,9184,명,350,By gender,150mL/min/1.73㎡ 이상,여자,A,2026-01-09,001,15350AC400Z1,003,성별,010,In person,By province,계,,시도별 신사구체여과율 분포 현황,시도별,신사구체여과율구간별,Female
DT_35007_N129	1053	TBL_ID,PRD_DE,ITM_NM,DT,UNIT_NM,ORG_ID,C3_NM,C2_NM,PRD_SE,LST_CHN_DE,ITM_ID,C1,C2,C2_OBJ_NM,C3,UNIT_NM_ENG,C1_NM,TBL_NM,C1_OBJ_NM,C3_OBJ_NM	DT_35007_N129,2024,연령별 신사구체여과율 분포 현황,41,명,350,150mL/min/1.73㎡ 이상,여자,A,2026-01-09,001,016,003,성별,010,In person,85세 이상,연령별 신사구체여과율 분포 현황,연령별,신사구체여과율구간별
DT_35007_N130	1455	TBL_ID,PRD_DE,ITM_NM,DT,UNIT_NM,ORG_ID,C2_OBJ_NM_ENG,C3_NM,C2_NM,PRD_SE,LST_CHN_DE,ITM_ID,C1,C2,C2_OBJ_NM,C3,UNIT_NM_ENG,C1_OBJ_NM_ENG,C1_NM,C1_NM_ENG,TBL_NM,C1_OBJ_NM,C3_OBJ_NM,C2_NM_ENG	DT_35007_N130,2024,시도별 연령별 성별 평균 신장 분포 현황 : 일반,149.29,㎝,350,By gender,80세 이상,여자,A,2026-01-09,001,15350AC400Z1,003,성별,009,Centi_Metre,By province,계,,시도별 연령별 성별 평균 신장 분포 현황 : 일반,시도별,연령별,Female
DT_35007_N131	1436	TBL_ID,PRD_DE,ITM_NM,DT,UNIT_NM,ORG_ID,C2_OBJ_NM_ENG,C3_NM,C2_NM,PRD_SE,LST_CHN_DE,ITM_ID,C1,C2,C2_OBJ_NM,C3,UNIT_NM_ENG,C1_OBJ_NM_ENG,C1_NM,C1_NM_ENG,TBL_NM,C1_OBJ_NM,C3_OBJ_NM,C2_NM_ENG	DT_35007_N131,2024,시도별 월령별 성별 평균 신장 분포 현황 : 영유아,52.88,㎝,350,By gender,14~35일,여자,A,2026-01-09,001,15350AC400Z1,003,성별,009,Centi_Metre,By province,계,,시도별 월령별 성별 평균 신장 분포 현황 : 영유아,시도별,영유아월령별,Female
DT_35007_N132	1450	TBL_ID,PRD_DE,ITM_NM,DT,UNIT_NM,ORG_ID,C2_OBJ_NM_ENG,C3_NM,C2_NM,PRD_SE,LST_CHN_DE,ITM_ID,C1,C2,C2_OBJ_NM,C3,UNIT_NM_ENG,C1_OBJ_NM_ENG,C1_NM,C1_NM_ENG,TBL_NM,C1_OBJ_NM,C3_OBJ_NM,C2_NM_ENG	DT_35007_N132,2024,시도별 연령별 성별 평균 체중 분포 현황 : 일반,53.68,kg,350,By gender,80세 이상,여자,A,2026-01-09,001,15350AC400Z1,003,성별,009,Kilo_Grammes,By province,계,,시도별 연령별 성별 평균 체중 분포 현황 : 일반,시도별,연령별,Female
DT_35007_N133	1398	TBL_ID,PRD_DE,ITM_NM,DT,UNIT_NM,ORG_ID,C2_OBJ_NM_ENG,C3_NM,C2_NM,PRD_SE,LST_CHN_DE,ITM_ID,C1,C2,C2_OBJ_NM,C3,UNIT_NM_ENG,C1_OBJ_NM_ENG,C1_NM,C1_NM_ENG,TBL_NM,C1_OBJ_NM,C3_OBJ_NM,C2_NM_ENG	DT_35007_N133,2024,시도별 월령별 성별 평균 체중 분포 현황 : 영유아,4.47,㎏,350,By gender,14~35일,여자,A,2026-01-09,001,15350AC400Z1,003,성별,009,㎏,By province,계,,시도별 월령별 성별 평균 체중 분포 현황 : 영유아,시도별,영유아월령별,Female
DT_35007_N134	1030	TBL_ID,PRD_DE,ITM_NM,DT,UNIT_NM,ORG_ID,C3_NM,C2_NM,PRD_SE,LST_CHN_DE,ITM_ID,C1,C2,C2_OBJ_NM,C3,UNIT_NM_ENG,C1_NM,TBL_NM,C1_OBJ_NM,C3_OBJ_NM	DT_35007_N134,2024,비율,5.3,%,350,5개,여자,A,2026-01-09,F01,A00402,B003,성별,C00303,%,피부양자,직역별 성별 대사증후군 위험요인 보유개수별 현황,직역별,대사증후군위험요인보유개수별
DT_35007_N135	33400	TBL_ID,PRD_DE,ITM_NM,DT,UNIT_NM,ORG_ID,C3_NM,C2_NM,PRD_SE,LST_CHN_DE,ITM_ID,C1,C2,C2_OBJ_NM,C3,UNIT_NM_ENG,C1_NM,TBL_NM,C1_OBJ_NM,C3_OBJ_NM	DT_35007_N135,2024,인원,3029948,명,350,수검자수,합계,A,2026-01-09,E01,15350AC400A1,B001,성별,C000,In person,서울,시군구별 성별 대사증후군 위험요인 보유개수별 현황,시군구별,대사증후군위험요인보유개수별
DT_35007_N136	1867	TBL_ID,PRD_DE,ITM_NM,DT,UNIT_NM,ORG_ID,C3_NM,C2_NM,PRD_SE,LST_CHN_DE,ITM_ID,C1,C2,C2_OBJ_NM,C3,UNIT_NM_ENG,C1_NM,TBL_NM,C1_OBJ_NM,C3_OBJ_NM	DT_35007_N136,2024,비율,9,%,350,5개,여자,A,2026-01-09,F01,016,B003,성별,C00303,%,85세 이상,연령별 성별 대사증후군 위험요인 보유개수별 현황,연령별,대사증후군위험요인보유개수별
DT_35007_N137	619	TBL_ID,PRD_DE,ITM_NM,DT,UNIT_NM,ORG_ID,C3_NM,C2_NM,PRD_SE,LST_CHN_DE,ITM_ID,C1,C2,C2_OBJ_NM,C3,UNIT_NM_ENG,C1_NM,TBL_NM,C1_OBJ_NM,C3_OBJ_NM	DT_35007_N137,2024,비율,31.2,%,350,낮은 HDL 콜레스테롤 혈증,여자,A,2026-01-09,F01,A00402,B003,성별,C005,%,피부양자,직역별 성별 대사증후군 위험요인별 현황,직역별,대사증후군위험요인별
DT_35007_N138	20179	TBL_ID,PRD_DE,ITM_NM,DT,UNIT_NM,ORG_ID,C3_NM,C2_NM,PRD_SE,LST_CHN_DE,ITM_ID,C1,C2,C2_OBJ_NM,C3,UNIT_NM_ENG,C1_NM,TBL_NM,C1_OBJ_NM,C3_OBJ_NM	DT_35007_N138,2024,인원,3029948,명,350,수검자수,합계,A,2026-01-09,E01,15350AC400A1,B001,성별,C001,In person,서울,시군구별 성별 대사증후군 위험요인별 현황,시군구별,대사증후군위험요인별
DT_35007_N139	1122	TBL_ID,PRD_DE,ITM_NM,DT,UNIT_NM,ORG_ID,C3_NM,C2_NM,PRD_SE,LST_CHN_DE,ITM_ID,C1,C2,C2_OBJ_NM,C3,UNIT_NM_ENG,C1_NM,TBL_NM,C1_OBJ_NM,C3_OBJ_NM	DT_35007_N139,2024,비율,41.5,%,350,낮은 HDL 콜레스테롤 혈증,여자,A,2026-01-09,F01,016,B003,성별,C005,%,85세 이상,연령별 성별 대사증후군 위험요인별 현황,연령별,대사증후군위험요인별
DT_35007_N140	227	TBL_ID,PRD_DE,ITM_NM,DT,UNIT_NM,ORG_ID,C3_NM,C2_NM,PRD_SE,LST_CHN_DE,ITM_ID,C1,C2,C2_OBJ_NM,C3,UNIT_NM_ENG,C1_NM,TBL_NM,C1_OBJ_NM,C3_OBJ_NM	DT_35007_N140,2024,위장 조영 및 내시경 검사결과 판정 현황,155818,명,350,위내시경검사,여자,A,2026-01-07,T1,A0020,B003,성별,F03,In person,기타,위장 조영 및 내시경 검사결과 판정 현황,검진결과별,검사종류별
DT_35007_N141	47	TBL_ID,PRD_DE,ITM_NM,DT,UNIT_NM,ORG_ID,C2_NM,PRD_SE,LST_CHN_DE,ITM_ID,C1,C2,C2_OBJ_NM,UNIT_NM_ENG,C1_NM,TBL_NM,C1_OBJ_NM	DT_35007_N141,2024,판정현황,121078,명,350,여자,A,2026-01-07,C00,B0019,B003,성별,In person,기타,위암 검진 조직진단 결과 판정 현황,검진결과별
DT_35007_N142	142	TBL_ID,PRD_DE,ITM_NM,DT,UNIT_NM,ORG_ID,C3_NM,C2_NM,PRD_SE,LST_CHN_DE,ITM_ID,C1,C2,C2_OBJ_NM,C3,UNIT_NM_ENG,C1_NM,TBL_NM,C1_OBJ_NM,C3_OBJ_NM	DT_35007_N142,2024,대장 이중조영 및 내시경 검사결과 판정현황,9656,명,350,대장내시경검사,여자,A,2026-01-08,T1,C0006,B003,성별,D03,In person,기타,대장 이중조영 및 내시경 검사 결과 판정 현황,검진결과별,검사종류별
DT_35007_N143	51	TBL_ID,PRD_DE,ITM_NM,DT,UNIT_NM,ORG_ID,C2_NM,PRD_SE,LST_CHN_DE,ITM_ID,C1,C2,C2_OBJ_NM,UNIT_NM_ENG,C1_NM,TBL_NM,C1_OBJ_NM	DT_35007_N143,2024,대장암 검진 조직진단 결과 판정현황,956,명,350,여자,A,2026-01-08,C00,B0019,B003,성별,In person,기타,대장암 검진 조직진단 결과 판정 현황,검진결과별
DT_35007_N144_1	90	TBL_ID,PRD_DE,ITM_NM,DT,UNIT_NM,ORG_ID,C2_NM,ITM_NM_ENG,PRD_SE,LST_CHN_DE,ITM_ID,C1,C2,C2_OBJ_NM,UNIT_NM_ENG,C1_NM,TBL_NM,C1_OBJ_NM	DT_35007_N144_1,2024,수검인원,8423942,명,350,여자,Number of Actual Examinees,A,2026-01-02,002,A00,2,성별,In person,계,직역별 성별 일반건강검진 대상 및 수검인원 현황 : 전체,직역별
DT_35007_N144	146	TBL_ID,PRD_DE,ITM_NM,DT,UNIT_NM,ORG_ID,C3_NM,C2_NM,ITM_NM_ENG,PRD_SE,LST_CHN_DE,ITM_ID,C1,C2,C2_OBJ_NM,C3,C3_OBJ_NM_ENG,UNIT_NM_ENG,C3_NM_ENG,C1_NM,TBL_NM,C1_OBJ_NM,C3_OBJ_NM	DT_35007_N144,2017,수검인원,141430,명,350,2차검진,여자,Number of Actual Examinees,A,2018-12-21,002,A00,2,성별,002,By Number of Consecutive Check-up,In person,The 2nd step confirmative test,계,직역별 성별 일반건강검진 대상 및 수검인원 현황 : 전체,직역별,검진차수별
DT_35007_N145	1149	TBL_ID,PRD_DE,ITM_NM,DT,UNIT_NM,ORG_ID,C3_NM,C2_NM,ITM_NM_ENG,PRD_SE,LST_CHN_DE,ITM_ID,C1,C2,C2_OBJ_NM,C3,C3_OBJ_NM_ENG,UNIT_NM_ENG,C3_NM_ENG,C1_NM,TBL_NM,C1_OBJ_NM,C3_OBJ_NM	DT_35007_N145,2024,수검인원,3121,명,350,폐암,여자,Number of Actual Examinees,A,2026-01-06,002,A00,2,성별,007,Number of People Qualifying for Examination by Type of Cancer,In person,Lung Cancer,계,직역별 성별 암검진 대상 및 수검인원 현황,직역별,암검진별
DT_35007_N146	229	TBL_ID,PRD_DE,ITM_NM,DT,UNIT_NM,ORG_ID,C3_NM,C2_NM,PRD_SE,LST_CHN_DE,ITM_ID,C1,C2,C2_OBJ_NM,C3,UNIT_NM_ENG,C1_NM,TBL_NM,C1_OBJ_NM,C3_OBJ_NM	DT_35007_N146,2017,2차수검인원,122076,명,350,계,여자,A,2019-01-09,003,A00,2,성별,A01,Person,계,직역별 성별 생애전환기 건강진단 대상 및 수검인원 현황,직역별,검진대상자별
DT_35007_N147	1059	TBL_ID,PRD_DE,ITM_NM,DT,UNIT_NM,ORG_ID,C3_NM,C2_NM,PRD_SE,LST_CHN_DE,ITM_ID,C1,C2,C2_OBJ_NM,C3,UNIT_NM_ENG,C1_NM,TBL_NM,C1_OBJ_NM,C3_OBJ_NM	DT_35007_N147,2024,수검인원,65926,명,350,14~35일,여자,A,2026-01-08,002,A00,2,성별,009,In person,계,직역별 성별 영유아건강검진 대상 및 수검인원 현황,직역별,영유아월령별
DT_35007_N148	1493	TBL_ID,PRD_DE,ITM_NM,DT,UNIT_NM,ORG_ID,C2_OBJ_NM_ENG,C3_NM,C2_NM,PRD_SE,LST_CHN_DE,ITM_ID,C1,C2,C2_OBJ_NM,C3,UNIT_NM_ENG,C1_OBJ_NM_ENG,C1_NM,C1_NM_ENG,TBL_NM,C1_OBJ_NM,C3_OBJ_NM,C2_NM_ENG	DT_35007_N148,2024,일반건강검진 시도별 성별 구강검진 종합판정 현황,175,명,350,By gender,양호,합계,A,2026-01-09,001,15350AC400E1,001,성별,A00107,In Person,By province,광주광역시,Gwangju,일반건강검진 시도별 성별 구강검진 종합판정 현황,시도별,종합판정및조치사항현황별,
DT_35007_N149	1137	TBL_ID,PRD_DE,ITM_NM,DT,UNIT_NM,ORG_ID,C3_NM,C2_NM,PRD_SE,LST_CHN_DE,ITM_ID,C1,C2,C2_OBJ_NM,C3,UNIT_NM_ENG,C1_NM,TBL_NM,C1_OBJ_NM,C3_OBJ_NM	DT_35007_N149,2024,일반건강검진 연령별 성별 구강검진 종합판정 현황,0,명,350,기타,여자,A,2026-01-09,001,007,003,성별,A00106,In Person,40 ~ 44세,일반건강검진 연령별 성별 구강검진 종합판정 현황,연령별,종합판정및조치사항현황별
DT_35007_N150	1037	TBL_ID,PRD_DE,ITM_NM,DT,UNIT_NM,ORG_ID,C3_NM,C2_NM,PRD_SE,LST_CHN_DE,ITM_ID,C1,C2,C2_OBJ_NM,C3,UNIT_NM_ENG,C1_NM,TBL_NM,C1_OBJ_NM,C3_OBJ_NM	DT_35007_N150,2017,생애전환기건강진단 시·도별 성별 구강검진 종합판정 및 조치사항 현황(40세),1956,명,350,치주치료필요,여자,A,2019-01-15,001,15350AC400Z1,003,성별,A00304,In Person,계,생애전환기건강진단 시·도별 성별 구강검진 종합판정 및 조치사항 현황(40세),시도별,종합판정및조치사항현황별
DT_35007_N151	1036	TBL_ID,PRD_DE,ITM_NM,DT,UNIT_NM,ORG_ID,C3_NM,C2_NM,PRD_SE,LST_CHN_DE,ITM_ID,C1,C2,C2_OBJ_NM,C3,UNIT_NM_ENG,C1_NM,TBL_NM,C1_OBJ_NM,C3_OBJ_NM	DT_35007_N151,2017,생애전환기건강진단 시·도별 성별 구강검진 종합판정 및 조치사항 현황(66세),731,명,350,치주치료필요,여자,A,2019-01-15,001,15350AC400Z1,003,성별,A00304,In Person,계,생애전환기건강진단 시·도별 성별 구강검진 종합판정 및 조치사항 현황(66세),시도별,종합판정및조치사항현황별
DT_35007_N152	3120	TBL_ID,PRD_DE,ITM_NM,DT,UNIT_NM,ORG_ID,C3_NM,PRD_SE,LST_CHN_DE,C1,C2,C3,C4,C1_NM,TBL_NM,C2_OBJ_NM_ENG,C4_NM,C2_NM,ITM_ID,C2_OBJ_NM,UNIT_NM_ENG,C1_OBJ_NM_ENG,C1_NM_ENG,C1_OBJ_NM,C3_OBJ_NM,C4_OBJ_NM,C2_NM_ENG	DT_35007_N152,2024,영유아건강검진,18783,명,350,30~41개월,A,2026-01-09,15350AC400Z1,003,A004,B008,계,영유아건강검진 시도별 성별 구강검진 종합판정 현황,By gender,추가검사필요,여자,T01,성별,Person,By province,,시도별,영유아월령별,검진결과별,Female
DT_35007_N201	12278	TBL_ID,PRD_DE,ITM_NM,DT,UNIT_NM,ORG_ID,C3_NM,C2_NM,ITM_NM_ENG,PRD_SE,LST_CHN_DE,ITM_ID,C1,C2,C2_OBJ_NM,C3,UNIT_NM_ENG,C1_NM,C2_NM_ENG,C1_NM_ENG,TBL_NM,C1_OBJ_NM,C3_OBJ_NM	DT_35007_N201,2024,시군구별 성별 폐암 검진 결과 판정 현황,20097,명,350,계,합계,Statistics on Lung Cancer Screening Diagnoses by District and Gender,A,2026-01-08,001,15350AC400A1,001,성별,001,In person,서울,Total,Seoul,시군구별 성별 폐암 검진 결과 판정현황,시군구별,폐암검진결과별
DT_35007_N202	293	TBL_ID,PRD_DE,ITM_NM,DT,UNIT_NM,ORG_ID,C3_NM,C2_NM,PRD_SE,LST_CHN_DE,ITM_ID,C1,C2,C2_OBJ_NM,C3,UNIT_NM_ENG,C1_NM,C2_NM_ENG,TBL_NM,C1_OBJ_NM,C3_OBJ_NM	DT_35007_N202,2024,연령별 성별 폐암 검진 결과 판정 현황,-,명,350,폐암매우의심,여자,A,2026-01-08,001,013,003,성별,008,In person,85세 이상,Female,연령별 성별 폐암 검진 결과 판정현황,연령별,폐암검진결과별
